date,frontend_num_pods,frontend_desired_replicas,frontend_cpu_usage,frontend_mem_usage,frontend_traffic_in,frontend_traffic_out,frontend_latency,cartservice_num_pods,cartservice_desired_replicas,cartservice_cpu_usage,cartservice_mem_usage,cartservice_traffic_in,cartservice_traffic_out,cartservice_latency,productcatalogservice_num_pods,productcatalogservice_desired_replicas,productcatalogservice_cpu_usage,productcatalogservice_mem_usage,productcatalogservice_traffic_in,productcatalogservice_traffic_out,productcatalogservice_latency,currencyservice_num_pods,currencyservice_desired_replicas,currencyservice_cpu_usage,currencyservice_mem_usage,currencyservice_traffic_in,currencyservice_traffic_out,currencyservice_latency,paymentservice_num_pods,paymentservice_desired_replicas,paymentservice_cpu_usage,paymentservice_mem_usage,paymentservice_traffic_in,paymentservice_traffic_out,paymentservice_latency,shippingservice_num_pods,shippingservice_desired_replicas,shippingservice_cpu_usage,shippingservice_mem_usage,shippingservice_traffic_in,shippingservice_traffic_out,shippingservice_latency,emailservice_num_pods,emailservice_desired_replicas,emailservice_cpu_usage,emailservice_mem_usage,emailservice_traffic_in,emailservice_traffic_out,emailservice_latency,checkoutservice_num_pods,checkoutservice_desired_replicas,checkoutservice_cpu_usage,checkoutservice_mem_usage,checkoutservice_traffic_in,checkoutservice_traffic_out,checkoutservice_latency,recommendationservice_num_pods,recommendationservice_desired_replicas,recommendationservice_cpu_usage,recommendationservice_mem_usage,recommendationservice_traffic_in,recommendationservice_traffic_out,recommendationservice_latency,adservice_num_pods,adservice_desired_replicas,adservice_cpu_usage,adservice_mem_usage,adservice_traffic_in,adservice_traffic_out,adservice_latency,redis_cart_num_pods,redis_cart_desired_replicas,redis_cart_cpu_usage,redis_cart_mem_usage,redis_cart_traffic_in,redis_cart_traffic_out,redis_cart_latency
2025-06-29 05:40:04,1,1,1.63,0.0,7342.83,11267.45,0.0,1,1,0.67,0.0,7342.83,11267.45,0.0,1,1,0.71,0.0,7342.83,11267.45,0.0,1,1,0.98,0.03,7342.83,11267.45,0.0,1,1,0.05,0.01,7342.83,11267.45,0.0,1,1,0.08,0.0,7342.83,11267.45,0.0,1,1,0.13,0.0,7342.83,11267.45,0.0,1,1,0.12,0.0,7342.83,11267.45,0.0,1,1,0.55,0.0,7342.83,11267.45,0.0,1,1,0.23,0.0,7342.83,11267.45,0.0,1,1,0.61,0.0,7342.83,11267.45,0.0
2025-06-29 05:40:10,1,1,1.63,0.0,7342.83,11267.45,0.0,1,1,0.62,0.0,7342.83,11267.45,0.0,1,1,0.57,0.0,7342.83,11267.45,0.0,1,1,0.98,1.57,7342.83,11267.45,0.0,1,1,0.06,0.02,7342.83,11267.45,0.0,1,1,0.09,0.61,7342.83,11267.45,0.0,1,1,0.15,3.64,7342.83,11267.45,0.0,1,1,0.06,0.0,7342.83,11267.45,0.0,1,1,0.55,0.0,7342.83,11267.45,0.0,1,1,0.22,0.0,7342.83,11267.45,0.0,1,1,0.64,0.0,7342.83,11267.45,0.0
2025-06-29 05:40:16,1,1,1.63,0.0,7342.83,11267.45,0.0,1,1,0.62,0.0,7342.83,11267.45,0.0,1,1,0.57,0.0,7342.83,11267.45,0.0,1,1,0.98,1.57,7342.83,11267.45,0.0,1,1,0.06,0.02,7342.83,11267.45,0.0,1,1,0.09,0.61,7342.83,11267.45,0.0,1,1,0.15,3.64,7342.83,11267.45,0.0,1,1,0.06,0.0,7342.83,11267.45,0.0,1,1,0.55,0.0,7342.83,11267.45,0.0,1,1,0.22,0.0,7342.83,11267.45,0.0,1,1,0.64,0.0,7342.83,11267.45,0.0
2025-06-29 05:40:21,1,1,1.37,0.0,11586.12,16774.34,0.0,1,1,0.82,0.0,11586.12,16774.34,0.0,1,1,0.74,0.55,11586.12,16774.34,0.0,1,1,0.98,1.57,11586.12,16774.34,0.0,1,1,0.06,0.01,11586.12,16774.34,0.0,1,1,0.09,0.61,11586.12,16774.34,0.0,1,1,0.15,3.64,11586.12,16774.34,0.0,1,1,0.13,0.0,11586.12,16774.34,0.0,1,1,0.56,0.0,11586.12,16774.34,0.0,1,1,0.17,0.0,11586.12,16774.34,0.0,1,1,0.64,0.0,11586.12,16774.34,0.0
2025-06-29 05:40:26,1,1,1.37,0.0,11586.12,16774.34,0.0,1,1,0.82,0.0,11586.12,16774.34,0.0,1,1,0.74,0.55,11586.12,16774.34,0.0,1,1,0.98,1.57,11586.12,16774.34,0.0,1,1,0.06,0.01,11586.12,16774.34,0.0,1,1,0.09,0.61,11586.12,16774.34,0.0,1,1,0.15,3.64,11586.12,16774.34,0.0,1,1,0.13,0.0,11586.12,16774.34,0.0,1,1,0.56,0.0,11586.12,16774.34,0.0,1,1,0.17,0.0,11586.12,16774.34,0.0,1,1,0.64,0.0,11586.12,16774.34,0.0
2025-06-29 05:40:32,1,1,1.38,0.0,11586.12,16774.34,0.0,1,1,0.82,0.0,11586.12,16774.34,0.0,1,1,0.74,0.55,11586.12,16774.34,0.0,1,1,1.15,0.03,11586.12,16774.34,0.0,1,1,0.05,0.01,11586.12,16774.34,0.0,1,1,0.09,0.0,11586.12,16774.34,0.0,1,1,0.14,0.0,11586.12,16774.34,0.0,1,1,0.14,0.0,11586.12,16774.34,0.0,1,1,0.56,0.0,11586.12,16774.34,0.0,1,1,0.17,0.0,11586.12,16774.34,0.0,1,1,0.63,0.0,11586.12,16774.34,0.0
2025-06-29 05:40:37,1,1,1.38,0.0,11586.12,16774.34,0.0,1,1,0.82,0.0,11586.12,16774.34,0.0,1,1,0.74,0.55,11586.12,16774.34,0.0,1,1,1.15,0.03,11586.12,16774.34,0.0,1,1,0.05,0.01,11586.12,16774.34,0.0,1,1,0.09,0.0,11586.12,16774.34,0.0,1,1,0.14,0.0,11586.12,16774.34,0.0,1,1,0.14,0.0,11586.12,16774.34,0.0,1,1,0.56,0.0,11586.12,16774.34,0.0,1,1,0.17,0.0,11586.12,16774.34,0.0,1,1,0.65,0.0,11586.12,16774.34,0.0
2025-06-29 05:40:43,1,1,1.38,0.0,11586.12,16774.34,0.0,1,1,0.94,0.0,11586.12,16774.34,0.0,1,1,0.58,0.0,11586.12,16774.34,0.0,1,1,0.9,0.02,11586.12,16774.34,0.0,1,1,0.05,0.01,11586.12,16774.34,0.0,1,1,0.09,0.0,11586.12,16774.34,0.0,1,1,0.17,0.0,11586.12,16774.34,0.0,1,1,0.14,0.0,11586.12,16774.34,0.0,1,1,0.57,2.15,11586.12,16774.34,0.0,1,1,0.19,0.0,11586.12,16774.34,0.0,1,1,0.65,0.0,11586.12,16774.34,0.0
2025-06-29 05:40:49,1,1,1.38,0.0,13741.1,14486.36,0.0,1,1,0.94,0.0,13741.1,14486.36,0.0,1,1,0.58,0.0,13741.1,14486.36,0.0,1,1,0.9,0.02,13741.1,14486.36,0.0,1,1,0.05,0.01,13741.1,14486.36,0.0,1,1,0.11,0.0,13741.1,14486.36,0.0,1,1,0.12,0.0,13741.1,14486.36,0.0,1,1,0.07,0.0,13741.1,14486.36,0.0,1,1,0.53,0.0,13741.1,14486.36,0.0,1,1,0.19,8.61,13741.1,14486.36,0.0,1,1,0.65,0.0,13741.1,14486.36,0.0
2025-06-29 05:40:55,1,1,1.65,1.73,13741.1,14486.36,0.0,1,1,0.81,0.0,13741.1,14486.36,0.0,1,1,0.58,0.0,13741.1,14486.36,0.0,1,1,0.9,0.02,13741.1,14486.36,0.0,1,1,0.08,2.53,13741.1,14486.36,0.0,1,1,0.11,0.0,13741.1,14486.36,0.0,1,1,0.12,0.0,13741.1,14486.36,0.0,1,1,0.07,0.0,13741.1,14486.36,0.0,1,1,0.53,0.0,13741.1,14486.36,0.0,1,1,0.19,8.61,13741.1,14486.36,0.0,1,1,0.65,0.0,13741.1,14486.36,0.0
2025-06-29 05:41:00,1,1,1.48,0.0,13741.1,14486.36,0.0,1,1,0.81,0.0,13741.1,14486.36,0.0,1,1,0.7,0.01,13741.1,14486.36,0.0,1,1,1.55,2.07,13741.1,14486.36,0.0,1,1,0.08,2.53,13741.1,14486.36,0.0,1,1,0.07,0.0,13741.1,14486.36,0.0,1,1,0.12,0.0,13741.1,14486.36,0.0,1,1,0.07,0.0,13741.1,14486.36,0.0,1,1,0.45,0.02,13741.1,14486.36,0.0,1,1,0.19,8.61,13741.1,14486.36,0.0,1,1,0.65,0.0,13741.1,14486.36,0.0
2025-06-29 05:41:06,1,1,1.48,0.0,13741.1,14486.36,0.0,1,1,0.81,0.0,13741.1,14486.36,0.0,1,1,0.7,0.01,13741.1,14486.36,0.0,1,1,1.55,2.07,13741.1,14486.36,0.0,1,1,0.08,2.53,13741.1,14486.36,0.0,1,1,0.07,0.0,13741.1,14486.36,0.0,1,1,0.12,0.0,13741.1,14486.36,0.0,1,1,0.07,0.0,13741.1,14486.36,0.0,1,1,0.45,0.02,13741.1,14486.36,0.0,1,1,0.19,8.61,13741.1,14486.36,0.0,1,1,0.65,0.0,13741.1,14486.36,0.0
2025-06-29 05:41:11,1,1,1.67,0.0,13741.1,14486.36,0.0,1,1,0.77,0.0,13741.1,14486.36,0.0,1,1,0.47,0.87,13741.1,14486.36,0.0,1,1,1.15,2.32,13741.1,14486.36,0.0,1,1,0.03,0.01,13741.1,14486.36,0.0,1,1,0.05,0.0,13741.1,14486.36,0.0,1,1,0.15,0.0,13741.1,14486.36,0.0,1,1,0.03,0.0,13741.1,14486.36,0.0,1,1,0.45,0.02,13741.1,14486.36,0.0,1,1,0.22,0.01,13741.1,14486.36,0.0,1,1,0.64,0.0,13741.1,14486.36,0.0
2025-06-29 05:41:16,1,1,1.67,0.0,13741.1,14486.36,0.0,1,1,0.77,0.0,13741.1,14486.36,0.0,1,1,0.47,0.87,13741.1,14486.36,0.0,1,1,1.15,2.32,13741.1,14486.36,0.0,1,1,0.03,0.01,13741.1,14486.36,0.0,1,1,0.05,0.0,13741.1,14486.36,0.0,1,1,0.15,0.0,13741.1,14486.36,0.0,1,1,0.03,0.0,13741.1,14486.36,0.0,1,1,0.45,0.02,13741.1,14486.36,0.0,1,1,0.22,0.01,13741.1,14486.36,0.0,1,1,0.64,0.0,13741.1,14486.36,0.0
2025-06-29 05:41:21,1,1,1.67,0.0,14754.07,17982.54,0.0,1,1,0.78,0.0,14754.07,17982.54,0.0,1,1,0.59,0.0,14754.07,17982.54,0.0,1,1,1.15,2.32,14754.07,17982.54,0.0,1,1,0.06,0.02,14754.07,17982.54,0.0,1,1,0.05,0.0,14754.07,17982.54,0.0,1,1,0.13,0.0,14754.07,17982.54,0.0,1,1,0.07,0.0,14754.07,17982.54,0.0,1,1,0.51,2.21,14754.07,17982.54,0.0,1,1,0.22,0.0,14754.07,17982.54,0.0,1,1,0.64,0.0,14754.07,17982.54,0.0
2025-06-29 05:41:26,1,1,1.67,0.0,14754.07,17982.54,0.0,1,1,0.78,0.0,14754.07,17982.54,0.0,1,1,0.59,0.0,14754.07,17982.54,0.0,1,1,1.15,2.32,14754.07,17982.54,0.0,1,1,0.06,0.02,14754.07,17982.54,0.0,1,1,0.05,0.0,14754.07,17982.54,0.0,1,1,0.13,0.0,14754.07,17982.54,0.0,1,1,0.07,0.0,14754.07,17982.54,0.0,1,1,0.51,2.21,14754.07,17982.54,0.0,1,1,0.22,0.0,14754.07,17982.54,0.0,1,1,0.64,0.0,14754.07,17982.54,0.0
2025-06-29 05:41:31,1,1,1.27,0.01,14754.07,17982.54,0.0,1,1,1.67,0.0,14754.07,17982.54,0.0,1,1,0.59,0.0,14754.07,17982.54,0.0,1,1,1.17,0.04,14754.07,17982.54,0.0,1,1,0.16,0.02,14754.07,17982.54,0.0,1,1,0.09,0.75,14754.07,17982.54,0.0,1,1,0.13,0.0,14754.07,17982.54,0.0,1,1,0.07,0.0,14754.07,17982.54,0.0,1,1,1.06,0.0,14754.07,17982.54,0.0,1,1,0.22,0.0,14754.07,17982.54,0.0,1,1,0.61,0.0,14754.07,17982.54,0.0
2025-06-29 05:41:37,1,1,1.27,0.01,14754.07,17982.54,0.0,1,1,1.67,0.0,14754.07,17982.54,0.0,1,1,0.59,0.0,14754.07,17982.54,0.0,1,1,1.17,0.04,14754.07,17982.54,0.0,1,1,0.16,0.02,14754.07,17982.54,0.0,1,1,0.09,0.75,14754.07,17982.54,0.0,1,1,0.13,0.0,14754.07,17982.54,0.0,1,1,0.07,0.0,14754.07,17982.54,0.0,1,1,1.06,0.0,14754.07,17982.54,0.0,1,1,0.22,0.0,14754.07,17982.54,0.0,1,1,0.61,0.0,14754.07,17982.54,0.0
2025-06-29 05:41:44,1,1,1.27,0.01,14754.07,17982.54,0.0,1,1,1.67,0.0,14754.07,17982.54,0.0,1,1,2.69,0.01,14754.07,17982.54,0.0,1,1,14.71,0.17,14754.07,17982.54,0.0,1,1,0.16,0.02,14754.07,17982.54,0.0,1,1,0.48,0.0,14754.07,17982.54,0.0,1,1,0.2,0.0,14754.07,17982.54,0.0,1,1,0.46,0.0,14754.07,17982.54,0.0,1,1,1.06,0.0,14754.07,17982.54,0.0,1,1,0.77,0.01,14754.07,17982.54,0.0,1,1,0.61,0.0,14754.07,17982.54,0.0
2025-06-29 05:41:52,1,1,13.87,0.14,108191.07,75016.65,0.0,1,1,8.28,0.04,108191.07,75016.65,0.0,1,1,6.96,0.01,108191.07,75016.65,0.0,1,1,19.24,0.07,108191.07,75016.65,0.0,1,1,0.35,3.46,108191.07,75016.65,0.0,1,1,0.9,0.78,108191.07,75016.65,0.0,1,1,0.2,0.0,108191.07,75016.65,0.0,1,1,0.46,0.0,108191.07,75016.65,0.0,1,1,5.54,2.5,108191.07,75016.65,0.0,1,1,2.93,0.03,108191.07,75016.65,0.0,1,1,0.97,0.0,108191.07,75016.65,0.0
2025-06-29 05:42:00,1,1,13.87,0.14,108191.07,75016.65,0.0,1,1,8.28,0.04,108191.07,75016.65,0.0,1,1,6.96,0.01,108191.07,75016.65,0.0,1,1,19.24,0.07,108191.07,75016.65,0.0,1,1,0.18,0.03,108191.07,75016.65,0.0,1,1,0.9,0.78,108191.07,75016.65,0.0,1,1,0.24,0.0,108191.07,75016.65,0.0,1,1,0.54,0.01,108191.07,75016.65,0.0,1,1,7.21,0.0,108191.07,75016.65,0.0,1,1,2.93,0.03,108191.07,75016.65,0.0,1,1,1.05,0.0,108191.07,75016.65,0.0
2025-06-29 05:42:07,1,1,19.11,0.3,108191.07,75016.65,0.0,1,1,8.61,3.85,108191.07,75016.65,0.0,1,1,6.96,0.01,108191.07,75016.65,0.0,1,1,19.24,0.07,108191.07,75016.65,0.0,1,1,0.18,0.03,108191.07,75016.65,0.0,1,1,0.9,0.78,108191.07,75016.65,0.0,1,1,0.24,0.0,108191.07,75016.65,0.0,1,1,0.54,0.01,108191.07,75016.65,0.0,1,1,7.21,0.0,108191.07,75016.65,0.0,1,1,3.38,0.03,108191.07,75016.65,0.0,1,1,1.07,0.0,108191.07,75016.65,0.0
2025-06-29 05:42:14,1,1,19.11,0.3,108191.07,75016.65,0.0,1,1,8.61,3.85,108191.07,75016.65,0.0,1,1,6.68,0.54,108191.07,75016.65,0.0,1,1,19.47,0.18,108191.07,75016.65,0.0,1,1,0.18,0.03,108191.07,75016.65,0.0,1,1,0.91,0.02,108191.07,75016.65,0.0,1,1,0.25,0.0,108191.07,75016.65,0.0,1,1,0.53,0.56,108191.07,75016.65,0.0,1,1,7.21,0.0,108191.07,75016.65,0.0,1,1,3.38,0.03,108191.07,75016.65,0.0,1,1,1.07,0.0,108191.07,75016.65,0.0
2025-06-29 05:42:20,1,1,19.11,0.3,130300.22,89905.13,0.0,1,1,7.11,0.06,130300.22,89905.13,0.0,1,1,6.68,0.54,130300.22,89905.13,0.0,1,1,11.48,2.12,130300.22,89905.13,0.0,1,1,0.18,2.39,130300.22,89905.13,0.0,1,1,0.57,0.65,130300.22,89905.13,0.0,1,1,0.25,0.0,130300.22,89905.13,0.0,1,1,0.53,0.56,130300.22,89905.13,0.0,1,1,6.63,0.01,130300.22,89905.13,0.0,1,1,3.38,0.03,130300.22,89905.13,0.0,1,1,1.07,0.0,130300.22,89905.13,0.0
2025-06-29 05:42:25,1,1,15.4,1.79,130300.22,89905.13,0.0,1,1,7.11,0.06,130300.22,89905.13,0.0,1,1,6.68,0.54,130300.22,89905.13,0.0,1,1,11.48,2.12,130300.22,89905.13,0.0,1,1,0.18,2.39,130300.22,89905.13,0.0,1,1,0.57,0.65,130300.22,89905.13,0.0,1,1,0.25,0.0,130300.22,89905.13,0.0,1,1,0.53,0.56,130300.22,89905.13,0.0,1,1,6.63,0.01,130300.22,89905.13,0.0,1,1,3.38,0.03,130300.22,89905.13,0.0,1,1,1.07,0.0,130300.22,89905.13,0.0
2025-06-29 05:42:31,1,1,1.66,1.82,130300.22,89905.13,0.0,1,1,0.88,3.24,130300.22,89905.13,0.0,1,1,3.19,0.52,130300.22,89905.13,0.0,1,1,2.0,2.18,130300.22,89905.13,0.0,1,1,0.06,0.01,130300.22,89905.13,0.0,1,1,0.57,0.65,130300.22,89905.13,0.0,1,1,0.15,0.0,130300.22,89905.13,0.0,1,1,0.16,0.0,130300.22,89905.13,0.0,1,1,0.49,0.0,130300.22,89905.13,0.0,1,1,1.63,0.01,130300.22,89905.13,0.0,1,1,0.65,0.0,130300.22,89905.13,0.0
2025-06-29 05:42:36,1,1,1.66,1.82,130300.22,89905.13,0.0,1,1,0.88,3.24,130300.22,89905.13,0.0,1,1,3.19,0.52,130300.22,89905.13,0.0,1,1,2.0,2.18,130300.22,89905.13,0.0,1,1,0.06,0.01,130300.22,89905.13,0.0,1,1,0.57,0.65,130300.22,89905.13,0.0,1,1,0.15,0.0,130300.22,89905.13,0.0,1,1,0.16,0.0,130300.22,89905.13,0.0,1,1,0.49,0.0,130300.22,89905.13,0.0,1,1,1.63,0.01,130300.22,89905.13,0.0,1,1,0.65,0.0,130300.22,89905.13,0.0
2025-06-29 05:42:42,1,1,1.66,1.82,130300.22,89905.13,0.0,1,1,0.88,3.24,130300.22,89905.13,0.0,1,1,0.58,0.53,130300.22,89905.13,0.0,1,1,2.0,2.18,130300.22,89905.13,0.0,1,1,0.04,0.01,130300.22,89905.13,0.0,1,1,0.06,0.0,130300.22,89905.13,0.0,1,1,0.15,0.0,130300.22,89905.13,0.0,1,1,0.12,0.0,130300.22,89905.13,0.0,1,1,0.48,0.0,130300.22,89905.13,0.0,1,1,0.34,0.01,130300.22,89905.13,0.0,1,1,0.64,0.0,130300.22,89905.13,0.0
2025-06-29 05:42:47,1,1,1.66,1.82,130300.22,89905.13,0.0,1,1,0.88,3.24,130300.22,89905.13,0.0,1,1,0.58,0.53,130300.22,89905.13,0.0,1,1,2.0,2.18,130300.22,89905.13,0.0,1,1,0.04,0.01,130300.22,89905.13,0.0,1,1,0.06,0.0,130300.22,89905.13,0.0,1,1,0.15,0.0,130300.22,89905.13,0.0,1,1,0.12,0.0,130300.22,89905.13,0.0,1,1,0.48,0.0,130300.22,89905.13,0.0,1,1,0.34,0.01,130300.22,89905.13,0.0,1,1,0.64,0.0,15101.03,15850.7,0.0
2025-06-29 05:42:52,2,2,1.06,1.71,15101.03,15850.7,0.0,1,1,0.55,2.53,15101.03,15850.7,0.0,1,1,0.58,0.53,15101.03,15850.7,0.0,1,1,1.61,1.34,15101.03,15850.7,0.0,1,1,0.04,0.01,15101.03,15850.7,0.0,1,1,0.06,0.0,15101.03,15850.7,0.0,1,1,0.13,0.0,15101.03,15850.7,0.0,1,1,0.09,0.01,15101.03,15850.7,0.0,1,1,0.48,0.0,15101.03,15850.7,0.0,1,1,0.21,0.0,15101.03,15850.7,0.0,1,1,0.64,0.0,15101.03,15850.7,0.0
2025-06-29 05:42:57,2,2,1.06,1.71,15101.03,15850.7,0.0,1,1,0.55,2.53,15101.03,15850.7,0.0,1,1,0.58,0.53,15101.03,15850.7,0.0,1,1,1.61,1.34,15101.03,15850.7,0.0,1,1,0.04,0.01,15101.03,15850.7,0.0,1,1,0.06,0.0,15101.03,15850.7,0.0,1,1,0.13,0.0,15101.03,15850.7,0.0,1,1,0.09,0.01,15101.03,15850.7,0.0,1,1,0.48,0.0,15101.03,15850.7,0.0,1,1,0.21,0.0,15101.03,15850.7,0.0,1,1,0.64,0.0,15101.03,15850.7,0.0
2025-06-29 05:43:03,2,2,1.75,2.12,15101.03,15850.7,0.0,1,1,0.55,2.53,15101.03,15850.7,0.0,1,1,0.7,0.0,15101.03,15850.7,0.0,1,1,1.84,0.09,15101.03,15850.7,0.0,1,1,0.06,0.02,15101.03,15850.7,0.0,1,1,0.11,0.01,15101.03,15850.7,0.0,1,1,0.13,0.0,15101.03,15850.7,0.0,1,1,0.08,0.0,15101.03,15850.7,0.0,1,1,0.59,0.0,15101.03,15850.7,0.0,1,1,0.21,0.0,15101.03,15850.7,0.0,1,1,0.64,0.0,15101.03,15850.7,0.0
2025-06-29 05:43:09,2,2,1.75,2.12,15101.03,15850.7,0.0,1,1,0.55,2.53,15101.03,15850.7,0.0,1,1,0.7,0.0,15101.03,15850.7,0.0,1,1,1.84,0.09,15101.03,15850.7,0.0,1,1,0.06,0.02,15101.03,15850.7,0.0,1,1,0.11,0.01,15101.03,15850.7,0.0,1,1,0.13,0.0,15101.03,15850.7,0.0,1,1,0.05,0.0,15101.03,15850.7,0.0,1,1,0.48,0.0,15101.03,15850.7,0.0,1,1,0.18,7.32,15101.03,15850.7,0.0,1,1,0.61,0.0,15101.03,15850.7,0.0
2025-06-29 05:43:15,2,2,1.47,0.0,15101.03,15850.7,0.0,1,1,0.5,0.03,15101.03,15850.7,0.0,1,1,0.53,0.0,15101.03,15850.7,0.0,1,1,1.84,0.09,15101.03,15850.7,0.0,1,1,0.04,0.01,15101.03,15850.7,0.0,1,1,0.06,0.0,15101.03,15850.7,0.0,1,1,0.13,0.0,15101.03,15850.7,0.0,1,1,0.05,0.0,15101.03,15850.7,0.0,1,1,0.48,0.0,15101.03,15850.7,0.0,1,1,0.18,7.32,15101.03,15850.7,0.0,1,1,0.61,0.0,15101.03,15850.7,0.0
2025-06-29 05:43:20,2,2,1.47,0.0,13955.22,17922.1,0.0,1,1,0.5,0.03,13955.22,17922.1,0.0,1,1,0.53,0.0,13955.22,17922.1,0.0,1,1,1.89,0.09,13955.22,17922.1,0.0,1,1,0.04,0.01,13955.22,17922.1,0.0,1,1,0.09,0.0,13955.22,17922.1,0.0,1,1,0.15,0.01,13955.22,17922.1,0.0,1,1,0.15,0.86,13955.22,17922.1,0.0,1,1,0.48,0.0,13955.22,17922.1,0.0,1,1,0.21,7.77,13955.22,17922.1,0.0,1,1,0.61,0.0,13955.22,17922.1,0.0
2025-06-29 05:43:25,2,2,1.47,0.0,13955.22,17922.1,0.0,1,1,0.5,0.03,13955.22,17922.1,0.0,1,1,0.53,0.0,13955.22,17922.1,0.0,1,1,1.89,0.09,13955.22,17922.1,0.0,1,1,0.04,0.01,13955.22,17922.1,0.0,1,1,0.09,0.0,13955.22,17922.1,0.0,1,1,0.15,0.01,13955.22,17922.1,0.0,1,1,0.15,0.86,13955.22,17922.1,0.0,1,1,0.48,0.0,13955.22,17922.1,0.0,1,1,0.21,7.77,13955.22,17922.1,0.0,1,1,0.61,0.0,13955.22,17922.1,0.0
2025-06-29 05:43:32,2,2,1.72,0.0,13955.22,17922.1,0.0,1,1,0.73,0.0,13955.22,17922.1,0.0,1,1,0.75,0.0,13955.22,17922.1,0.0,1,1,1.89,0.09,13955.22,17922.1,0.0,1,1,0.23,3.16,13955.22,17922.1,0.0,1,1,0.12,0.0,13955.22,17922.1,0.0,1,1,0.15,0.01,13955.22,17922.1,0.0,1,1,0.15,0.86,13955.22,17922.1,0.0,1,1,0.54,0.0,13955.22,17922.1,0.0,1,1,0.21,7.77,13955.22,17922.1,0.0,1,1,0.63,0.0,13955.22,17922.1,0.0
2025-06-29 05:43:39,2,2,1.72,0.0,13955.22,17922.1,0.0,1,1,0.73,0.0,13955.22,17922.1,0.0,1,1,0.75,0.0,13955.22,17922.1,0.0,1,1,1.89,0.09,13955.22,17922.1,0.0,1,1,0.23,3.16,13955.22,17922.1,0.0,1,1,0.12,0.0,13955.22,17922.1,0.0,1,1,0.15,0.0,13955.22,17922.1,0.0,1,1,0.24,0.0,13955.22,17922.1,0.0,1,1,0.54,0.0,13955.22,17922.1,0.0,1,1,0.18,0.0,13955.22,17922.1,0.0,1,1,0.63,0.0,13955.22,17922.1,0.0
2025-06-29 05:43:45,2,2,1.72,0.01,13955.22,17922.1,0.0,1,1,1.0,0.0,13955.22,17922.1,0.0,1,1,0.75,0.0,13955.22,17922.1,0.0,1,1,2.38,0.07,13955.22,17922.1,0.0,1,1,0.23,3.16,13955.22,17922.1,0.0,1,1,0.12,0.0,13955.22,17922.1,0.0,1,1,0.15,0.0,13955.22,17922.1,0.0,1,1,0.24,0.0,13955.22,17922.1,0.0,1,1,0.54,0.0,13955.22,17922.1,0.0,1,1,0.18,0.0,13955.22,17922.1,0.0,1,1,0.63,0.0,13955.22,17922.1,0.0
2025-06-29 05:43:50,2,2,1.59,0.01,14640.72,15233.14,0.0,1,1,0.84,0.0,14640.72,15233.14,0.0,1,1,0.7,0.0,14640.72,15233.14,0.0,1,1,2.38,0.07,14640.72,15233.14,0.0,1,1,0.07,0.01,14640.72,15233.14,0.0,1,1,0.12,0.0,14640.72,15233.14,0.0,1,1,0.19,0.0,14640.72,15233.14,0.0,1,1,0.24,0.0,14640.72,15233.14,0.0,1,1,0.64,0.0,14640.72,15233.14,0.0,1,1,1.01,0.2,14640.72,15233.14,0.0,1,1,0.64,0.0,14640.72,15233.14,0.0
2025-06-29 05:43:56,2,2,1.59,0.01,14640.72,15233.14,0.0,1,1,0.84,0.0,14640.72,15233.14,0.0,1,1,0.7,0.0,14640.72,15233.14,0.0,1,1,2.38,0.07,14640.72,15233.14,0.0,1,1,0.07,0.01,14640.72,15233.14,0.0,1,1,0.12,0.0,14640.72,15233.14,0.0,1,1,0.19,0.0,14640.72,15233.14,0.0,1,1,0.24,0.0,14640.72,15233.14,0.0,1,1,0.64,0.0,14640.72,15233.14,0.0,1,1,1.01,0.2,14640.72,15233.14,0.0,1,1,0.64,0.0,14640.72,15233.14,0.0
2025-06-29 05:44:01,2,2,1.84,0.01,14640.72,15233.14,0.0,1,1,0.84,0.0,14640.72,15233.14,0.0,1,1,0.7,0.0,14640.72,15233.14,0.0,1,1,1.68,0.07,14640.72,15233.14,0.0,1,1,0.06,0.02,14640.72,15233.14,0.0,1,1,0.12,0.0,14640.72,15233.14,0.0,1,1,0.13,4.13,14640.72,15233.14,0.0,1,1,0.08,0.0,14640.72,15233.14,0.0,1,1,0.71,3.16,14640.72,15233.14,0.0,1,1,4.57,6.17,14640.72,15233.14,0.0,1,1,0.64,0.0,14640.72,15233.14,0.0
2025-06-29 05:44:07,2,2,1.84,0.01,14640.72,15233.14,0.0,1,1,0.84,0.0,14640.72,15233.14,0.0,1,1,0.7,0.0,14640.72,15233.14,0.0,1,1,1.68,0.07,14640.72,15233.14,0.0,1,1,0.06,0.02,14640.72,15233.14,0.0,1,1,0.12,0.0,14640.72,15233.14,0.0,1,1,0.13,4.13,14640.72,15233.14,0.0,1,1,0.08,0.0,14640.72,15233.14,0.0,1,1,0.71,3.16,14640.72,15233.14,0.0,1,1,4.57,6.17,14640.72,15233.14,0.0,1,1,0.64,0.0,14640.72,15233.14,0.0
2025-06-29 05:44:12,2,2,1.84,0.01,14640.72,15233.14,0.0,1,1,0.82,0.0,14640.72,15233.14,0.0,1,1,0.78,0.01,14640.72,15233.14,0.0,1,1,1.41,0.09,14640.72,15233.14,0.0,1,1,0.04,0.01,14640.72,15233.14,0.0,1,1,0.1,0.0,14640.72,15233.14,0.0,1,1,0.15,0.0,14640.72,15233.14,0.0,1,1,0.07,0.0,14640.72,15233.14,0.0,1,1,0.71,3.16,14640.72,15233.14,0.0,1,1,4.57,6.17,14640.72,15233.14,0.0,1,1,0.64,0.0,14640.72,15233.14,0.0
2025-06-29 05:44:17,2,2,1.84,0.01,14640.72,15233.14,0.0,1,1,0.82,0.0,14640.72,15233.14,0.0,1,1,0.78,0.01,14640.72,15233.14,0.0,1,1,1.41,0.09,14640.72,15233.14,0.0,1,1,0.04,0.01,14640.72,15233.14,0.0,1,1,0.1,0.0,14640.72,15233.14,0.0,1,1,0.15,0.0,14640.72,15233.14,0.0,1,1,0.07,0.0,0.0,19722.25,0.0,1,1,0.71,3.16,15597.24,19722.25,0.0,1,1,4.57,6.17,15597.24,19722.25,0.0,1,1,0.64,0.0,15597.24,19722.25,0.0
2025-06-29 05:44:23,1,1,1.27,0.0,15597.24,19722.25,0.0,1,1,0.82,0.0,15597.24,19722.25,0.0,1,1,0.6,0.63,15597.24,19722.25,0.0,1,1,1.41,0.09,15597.24,19722.25,0.0,1,1,0.1,0.03,15597.24,19722.25,0.0,1,1,0.1,0.0,15597.24,19722.25,0.0,1,1,0.15,0.0,15597.24,19722.25,0.0,1,1,0.17,0.0,15597.24,19722.25,0.0,1,1,0.52,0.0,15597.24,19722.25,0.0,1,1,0.72,0.01,15597.24,19722.25,0.0,1,1,0.61,0.0,15597.24,19722.25,0.0
2025-06-29 05:44:28,1,1,1.27,0.0,15597.24,19722.25,0.0,1,1,0.82,0.0,15597.24,19722.25,0.0,1,1,0.6,0.63,15597.24,19722.25,0.0,1,1,1.41,0.09,15597.24,19722.25,0.0,1,1,0.1,0.03,15597.24,19722.25,0.0,1,1,0.1,0.0,15597.24,19722.25,0.0,1,1,0.15,0.0,15597.24,19722.25,0.0,1,1,0.17,0.0,15597.24,19722.25,0.0,1,1,0.52,0.0,15597.24,19722.25,0.0,1,1,0.72,0.01,15597.24,19722.25,0.0,1,1,0.61,0.0,15597.24,19722.25,0.0
2025-06-29 05:44:33,1,1,1.27,0.0,15597.24,19722.25,0.0,1,1,0.99,0.0,15597.24,19722.25,0.0,1,1,0.6,0.63,15597.24,19722.25,0.0,1,1,1.25,0.06,15597.24,19722.25,0.0,1,1,0.1,0.03,15597.24,19722.25,0.0,1,1,0.1,0.48,15597.24,19722.25,0.0,1,1,0.16,0.0,15597.24,19722.25,0.0,1,1,0.17,0.0,15597.24,19722.25,0.0,1,1,0.6,0.0,15597.24,19722.25,0.0,1,1,0.72,0.01,15597.24,19722.25,0.0,1,1,0.61,0.0,15597.24,19722.25,0.0
2025-06-29 05:44:39,1,1,1.27,0.0,15597.24,19722.25,0.0,1,1,0.99,0.0,15597.24,19722.25,0.0,1,1,0.6,0.63,15597.24,19722.25,0.0,1,1,1.25,0.06,15597.24,19722.25,0.0,1,1,0.1,0.03,15597.24,19722.25,0.0,1,1,0.1,0.48,15597.24,19722.25,0.0,1,1,0.16,0.0,15597.24,19722.25,0.0,1,1,0.03,0.0,15597.24,19722.25,0.0,1,1,0.54,0.0,15597.24,19722.25,0.0,1,1,0.19,0.0,15597.24,19722.25,0.0,1,1,0.63,0.0,15597.24,19722.25,0.0
2025-06-29 05:44:44,1,1,1.53,0.0,15597.24,19722.25,0.0,1,1,0.61,0.0,15597.24,19722.25,0.0,1,1,0.73,0.0,15597.24,19722.25,0.0,1,1,1.25,0.06,15597.24,19722.25,0.0,1,1,0.05,0.01,15597.24,19722.25,0.0,1,1,0.1,0.48,15597.24,19722.25,0.0,1,1,0.12,0.0,15597.24,19722.25,0.0,1,1,0.03,0.0,15597.24,19722.25,0.0,1,1,0.54,0.0,15597.24,19722.25,0.0,1,1,0.19,0.0,15597.24,19722.25,0.0,1,1,0.63,0.0,15597.24,19722.25,0.0
2025-06-29 05:44:50,1,1,1.53,0.0,13058.35,13652.29,0.0,1,1,0.61,0.0,13058.35,13652.29,0.0,1,1,0.49,0.49,13058.35,13652.29,0.0,1,1,1.26,2.26,13058.35,13652.29,0.0,1,1,0.05,0.01,13058.35,13652.29,0.0,1,1,0.06,0.0,13058.35,13652.29,0.0,1,1,0.12,0.0,13058.35,13652.29,0.0,1,1,0.04,0.0,13058.35,13652.29,0.0,1,1,0.54,0.0,13058.35,13652.29,0.0,1,1,0.18,0.0,13058.35,13652.29,0.0,1,1,0.62,0.0,13058.35,13652.29,0.0
2025-06-29 05:44:55,1,1,1.1,0.0,13058.35,13652.29,0.0,1,1,0.61,0.0,13058.35,13652.29,0.0,1,1,0.49,0.49,13058.35,13652.29,0.0,1,1,1.26,2.26,13058.35,13652.29,0.0,1,1,0.05,0.01,13058.35,13652.29,0.0,1,1,0.06,0.0,13058.35,13652.29,0.0,1,1,0.12,0.0,13058.35,13652.29,0.0,1,1,0.04,0.0,13058.35,13652.29,0.0,1,1,0.54,0.0,13058.35,13652.29,0.0,1,1,0.18,0.0,13058.35,13652.29,0.0,1,1,0.62,0.0,13058.35,13652.29,0.0
2025-06-29 05:45:01,1,1,1.1,0.0,13058.35,13652.29,0.0,1,1,0.79,0.0,13058.35,13652.29,0.0,1,1,0.49,0.49,13058.35,13652.29,0.0,1,1,1.26,2.26,13058.35,13652.29,0.0,1,1,0.16,2.31,13058.35,13652.29,0.0,1,1,0.05,0.0,13058.35,13652.29,0.0,1,1,0.11,0.0,13058.35,13652.29,0.0,1,1,0.03,0.5,13058.35,13652.29,0.0,1,1,0.51,0.0,13058.35,13652.29,0.0,1,1,0.18,0.0,13058.35,13652.29,0.0,1,1,0.61,0.02,13058.35,13652.29,0.0
2025-06-29 05:45:06,1,1,1.1,0.0,13058.35,13652.29,0.0,1,1,0.79,0.0,13058.35,13652.29,0.0,1,1,0.49,0.49,13058.35,13652.29,0.0,1,1,1.26,2.26,13058.35,13652.29,0.0,1,1,0.16,2.31,13058.35,13652.29,0.0,1,1,0.05,0.0,13058.35,13652.29,0.0,1,1,0.11,0.0,13058.35,13652.29,0.0,1,1,0.03,0.5,13058.35,13652.29,0.0,1,1,0.51,0.0,13058.35,13652.29,0.0,1,1,0.18,0.0,13058.35,13652.29,0.0,1,1,0.61,0.02,13058.35,13652.29,0.0
2025-06-29 05:45:11,1,1,1.54,0.0,13058.35,13652.29,0.0,1,1,0.65,0.0,13058.35,13652.29,0.0,1,1,0.65,0.02,13058.35,13652.29,0.0,1,1,1.57,0.04,13058.35,13652.29,0.0,1,1,0.02,0.0,13058.35,13652.29,0.0,1,1,0.05,0.0,13058.35,13652.29,0.0,1,1,0.13,0.0,13058.35,13652.29,0.0,1,1,0.03,0.5,13058.35,13652.29,0.0,1,1,0.41,0.0,13058.35,13652.29,0.0,1,1,0.27,0.0,13058.35,13652.29,0.0,1,1,0.68,0.44,13058.35,13652.29,0.0
2025-06-29 05:45:16,1,1,1.54,0.0,13058.35,13652.29,0.0,1,1,0.65,0.0,13058.35,13652.29,0.0,1,1,0.65,0.02,13058.35,13652.29,0.0,1,1,1.57,0.04,13058.35,13652.29,0.0,1,1,0.02,0.0,13058.35,13652.29,0.0,1,1,0.05,0.0,13058.35,13652.29,0.0,1,1,0.13,0.0,13058.35,13652.29,0.0,1,1,0.03,0.5,13058.35,13652.29,0.0,1,1,0.41,0.0,13058.35,13652.29,0.0,1,1,0.27,0.0,13058.35,13652.29,0.0,1,1,0.68,0.44,13058.35,13652.29,0.0
2025-06-29 05:45:22,1,1,1.2,0.0,14473.82,17677.97,0.0,1,1,0.65,0.0,14473.82,17677.97,0.0,1,1,0.48,0.64,14473.82,17677.97,0.0,1,1,1.04,2.05,14473.82,17677.97,0.0,1,1,0.02,0.0,14473.82,17677.97,0.0,1,1,0.06,0.0,14473.82,17677.97,0.0,1,1,0.13,0.0,14473.82,17677.97,0.0,1,1,0.02,0.0,14473.82,17677.97,0.0,1,1,0.41,0.0,14473.82,17677.97,0.0,1,1,0.27,0.0,14473.82,17677.97,0.0,1,1,0.68,0.44,14473.82,17677.97,0.0
2025-06-29 05:45:27,1,1,1.2,0.0,14473.82,17677.97,0.0,1,1,0.65,0.0,14473.82,17677.97,0.0,1,1,0.48,0.64,14473.82,17677.97,0.0,1,1,1.04,2.05,14473.82,17677.97,0.0,1,1,0.02,0.0,14473.82,17677.97,0.0,1,1,0.06,0.0,14473.82,17677.97,0.0,1,1,0.13,0.0,14473.82,17677.97,0.0,1,1,0.02,0.0,14473.82,17677.97,0.0,1,1,0.41,0.0,14473.82,17677.97,0.0,1,1,0.27,0.0,14473.82,17677.97,0.0,1,1,0.68,0.44,14473.82,17677.97,0.0
2025-06-29 05:45:32,1,1,1.2,0.0,14473.82,17677.97,0.0,1,1,0.65,0.0,14473.82,17677.97,0.0,1,1,0.48,0.64,14473.82,17677.97,0.0,1,1,1.19,0.0,14473.82,17677.97,0.0,1,1,0.14,0.02,14473.82,17677.97,0.0,1,1,0.1,0.56,14473.82,17677.97,0.0,1,1,0.14,2.11,14473.82,17677.97,0.0,1,1,0.09,0.0,14473.82,17677.97,0.0,1,1,0.52,0.0,14473.82,17677.97,0.0,1,1,0.17,0.0,14473.82,17677.97,0.0,1,1,0.61,0.0,14473.82,17677.97,0.0
2025-06-29 05:45:37,1,1,1.2,0.0,14473.82,17677.97,0.0,1,1,0.65,0.0,14473.82,17677.97,0.0,1,1,0.48,0.64,14473.82,17677.97,0.0,1,1,1.19,0.0,14473.82,17677.97,0.0,1,1,0.14,0.02,14473.82,17677.97,0.0,1,1,0.1,0.56,14473.82,17677.97,0.0,1,1,0.14,2.11,14473.82,17677.97,0.0,1,1,0.09,0.0,14473.82,17677.97,0.0,1,1,0.52,0.0,14473.82,17677.97,0.0,1,1,0.17,0.0,14473.82,17677.97,0.0,1,1,0.61,0.0,14473.82,17677.97,0.0
2025-06-29 05:45:42,1,1,1.24,0.0,14473.82,17677.97,0.0,1,1,0.73,3.05,14473.82,17677.97,0.0,1,1,0.72,0.5,14473.82,17677.97,0.0,1,1,1.19,0.0,14473.82,17677.97,0.0,1,1,0.19,0.01,14473.82,17677.97,0.0,1,1,0.1,0.56,14473.82,17677.97,0.0,1,1,0.14,2.11,14473.82,17677.97,0.0,1,1,0.16,0.0,14473.82,17677.97,0.0,1,1,0.55,0.0,14473.82,17677.97,0.0,1,1,0.18,0.0,14473.82,17677.97,0.0,1,1,0.63,0.0,14473.82,17677.97,0.0
2025-06-29 05:45:47,1,1,1.24,0.0,14473.82,17677.97,0.0,1,1,0.73,3.05,14473.82,17677.97,0.0,1,1,0.72,0.5,14473.82,17677.97,0.0,1,1,1.19,0.0,14473.82,17677.97,0.0,1,1,0.19,0.01,14473.82,17677.97,0.0,1,1,0.1,0.56,14473.82,17677.97,0.0,1,1,0.14,2.11,14473.82,17677.97,0.0,1,1,0.16,0.0,14473.82,17677.97,0.0,1,1,0.55,0.0,14473.82,17677.97,0.0,1,1,0.18,0.0,14473.82,17677.97,0.0,1,1,0.63,0.0,0.0,0.0,0.0
2025-06-29 05:45:52,1,1,1.24,0.0,14925.79,15085.39,0.0,1,1,0.73,3.05,14925.79,15085.39,0.0,1,1,0.62,0.01,14925.79,15085.39,0.0,1,1,0.7,0.02,14925.79,15085.39,0.0,1,1,0.05,0.01,14925.79,15085.39,0.0,1,1,0.07,0.0,14925.79,15085.39,0.0,1,1,0.13,0.0,14925.79,15085.39,0.0,1,1,0.16,0.0,14925.79,15085.39,0.0,1,1,0.52,0.0,14925.79,15085.39,0.0,1,1,0.18,0.0,14925.79,15085.39,0.0,1,1,0.63,0.0,14925.79,15085.39,0.0
2025-06-29 05:45:57,1,1,1.24,0.0,14925.79,15085.39,0.0,1,1,0.73,3.05,14925.79,15085.39,0.0,1,1,0.62,0.01,14925.79,15085.39,0.0,1,1,0.7,0.02,14925.79,15085.39,0.0,1,1,0.05,0.01,14925.79,15085.39,0.0,1,1,0.07,0.0,14925.79,15085.39,0.0,1,1,0.13,0.0,14925.79,15085.39,0.0,1,1,0.16,0.0,14925.79,15085.39,0.0,1,1,0.52,0.0,14925.79,15085.39,0.0,1,1,0.18,0.0,14925.79,15085.39,0.0,1,1,0.63,0.0,14925.79,15085.39,0.0
2025-06-29 05:46:03,1,1,1.36,0.0,14925.79,15085.39,0.0,1,1,0.85,0.0,14925.79,15085.39,0.0,1,1,0.62,0.83,14925.79,15085.39,0.0,1,1,1.19,0.04,14925.79,15085.39,0.0,1,1,0.05,0.01,14925.79,15085.39,0.0,1,1,0.06,0.0,14925.79,15085.39,0.0,1,1,0.13,0.0,14925.79,15085.39,0.0,1,1,0.09,0.0,14925.79,15085.39,0.0,1,1,0.56,0.0,14925.79,15085.39,0.0,1,1,0.18,0.0,14925.79,15085.39,0.0,1,1,0.63,0.0,14925.79,15085.39,0.0
2025-06-29 05:46:08,1,1,1.36,0.0,14925.79,15085.39,0.0,1,1,0.85,0.0,14925.79,15085.39,0.0,1,1,0.62,0.83,14925.79,15085.39,0.0,1,1,1.19,0.04,14925.79,15085.39,0.0,1,1,0.05,0.01,14925.79,15085.39,0.0,1,1,0.06,0.0,14925.79,15085.39,0.0,1,1,0.13,0.0,14925.79,15085.39,0.0,1,1,0.09,0.0,14925.79,15085.39,0.0,1,1,0.56,0.0,14925.79,15085.39,0.0,1,1,0.18,0.0,14925.79,15085.39,0.0,1,1,0.63,0.0,14925.79,15085.39,0.0
2025-06-29 05:46:13,1,1,1.3,0.0,14925.79,15085.39,0.0,1,1,0.57,2.96,14925.79,15085.39,0.0,1,1,0.62,0.83,14925.79,15085.39,0.0,1,1,1.19,0.04,14925.79,15085.39,0.0,1,1,0.05,0.01,14925.79,15085.39,0.0,1,1,0.06,0.0,14925.79,15085.39,0.0,1,1,0.16,0.0,14925.79,15085.39,0.0,1,1,0.02,0.0,14925.79,15085.39,0.0,1,1,0.56,0.0,14925.79,15085.39,0.0,1,1,0.2,7.42,14925.79,15085.39,0.0,1,1,0.61,0.0,14925.79,15085.39,0.0
2025-06-29 05:46:18,1,1,1.3,0.0,14925.79,15085.39,0.0,1,1,0.57,2.96,14925.79,15085.39,0.0,1,1,0.62,0.83,14925.79,15085.39,0.0,1,1,1.19,0.04,14925.79,15085.39,0.0,1,1,0.05,0.01,14925.79,15085.39,0.0,1,1,0.06,0.0,0.0,0.0,0.0,1,1,0.16,0.0,13993.88,17471.19,0.0,1,1,0.02,0.0,13993.88,17471.19,0.0,1,1,0.56,0.0,13993.88,17471.19,0.0,1,1,0.2,7.42,13993.88,17471.19,0.0,1,1,0.61,0.0,13993.88,17471.19,0.0
2025-06-29 05:46:23,1,1,1.3,0.0,13993.88,17471.19,0.0,1,1,0.57,2.96,13993.88,17471.19,0.0,1,1,0.49,0.01,13993.88,17471.19,0.0,1,1,1.41,1.66,13993.88,17471.19,0.0,1,1,0.05,0.01,13993.88,17471.19,0.0,1,1,0.06,0.0,13993.88,17471.19,0.0,1,1,0.13,0.0,13993.88,17471.19,0.0,1,1,0.02,0.0,13993.88,17471.19,0.0,1,1,0.45,0.0,13993.88,17471.19,0.0,1,1,0.71,0.02,13993.88,17471.19,0.0,1,1,0.61,0.0,13993.88,17471.19,0.0
2025-06-29 05:46:29,1,1,1.3,0.0,13993.88,17471.19,0.0,1,1,0.57,2.96,13993.88,17471.19,0.0,1,1,0.49,0.01,13993.88,17471.19,0.0,1,1,1.41,1.66,13993.88,17471.19,0.0,1,1,0.05,0.01,13993.88,17471.19,0.0,1,1,0.06,0.0,13993.88,17471.19,0.0,1,1,0.13,0.0,13993.88,17471.19,0.0,1,1,0.09,0.0,13993.88,17471.19,0.0,1,1,0.47,3.77,13993.88,17471.19,0.0,1,1,0.2,6.4,13993.88,17471.19,0.0,1,1,0.61,0.0,13993.88,17471.19,0.0
2025-06-29 05:46:34,1,1,1.33,0.0,13993.88,17471.19,0.0,1,1,0.45,2.64,13993.88,17471.19,0.0,1,1,0.6,0.0,13993.88,17471.19,0.0,1,1,1.18,0.01,13993.88,17471.19,0.0,1,1,0.05,0.01,13993.88,17471.19,0.0,1,1,0.09,0.0,13993.88,17471.19,0.0,1,1,0.13,0.0,13993.88,17471.19,0.0,1,1,0.09,0.0,13993.88,17471.19,0.0,1,1,0.47,3.77,13993.88,17471.19,0.0,1,1,0.2,6.4,13993.88,17471.19,0.0,1,1,0.61,0.0,13993.88,17471.19,0.0
2025-06-29 05:46:39,1,1,1.33,0.0,13993.88,17471.19,0.0,1,1,0.45,2.64,13993.88,17471.19,0.0,1,1,0.6,0.0,13993.88,17471.19,0.0,1,1,1.18,0.01,13993.88,17471.19,0.0,1,1,0.05,0.01,13993.88,17471.19,0.0,1,1,0.09,0.0,13993.88,17471.19,0.0,1,1,0.13,0.0,13993.88,17471.19,0.0,1,1,0.09,0.0,13993.88,17471.19,0.0,1,1,0.57,0.0,13993.88,17471.19,0.0,1,1,0.2,6.4,13993.88,17471.19,0.0,1,1,0.63,0.02,13993.88,17471.19,0.0
2025-06-29 05:46:44,1,1,1.33,0.0,13993.88,17471.19,0.0,1,1,0.45,2.64,13993.88,17471.19,0.0,1,1,0.6,0.0,13993.88,17471.19,0.0,1,1,0.95,0.01,13993.88,17471.19,0.0,1,1,0.07,0.02,13993.88,17471.19,0.0,1,1,0.09,0.0,13993.88,17471.19,0.0,1,1,0.13,0.0,13993.88,17471.19,0.0,1,1,0.09,0.0,13993.88,17471.19,0.0,1,1,0.57,0.0,13993.88,17471.19,0.0,1,1,0.2,6.4,13993.88,17471.19,0.0,1,1,0.63,0.02,13993.88,17471.19,0.0
2025-06-29 05:46:49,1,1,1.33,0.0,0.0,0.0,0.0,1,1,0.45,2.64,14594.32,14943.75,0.0,1,1,0.6,0.0,14594.32,14943.75,0.0,1,1,0.95,0.01,14594.32,14943.75,0.0,1,1,0.07,0.02,14594.32,14943.75,0.0,1,1,0.1,0.53,14594.32,14943.75,0.0,1,1,0.14,0.0,14594.32,14943.75,0.0,1,1,0.07,0.0,14594.32,14943.75,0.0,1,1,0.57,0.0,14594.32,14943.75,0.0,1,1,0.18,0.0,14594.32,14943.75,0.0,1,1,0.63,0.02,14594.32,14943.75,0.0
2025-06-29 05:46:55,1,1,1.62,0.0,14594.32,14943.75,0.0,1,1,0.59,2.6,14594.32,14943.75,0.0,1,1,0.73,0.53,14594.32,14943.75,0.0,1,1,1.92,0.06,14594.32,14943.75,0.0,1,1,0.07,0.02,14594.32,14943.75,0.0,1,1,0.1,0.53,14594.32,14943.75,0.0,1,1,0.14,0.0,14594.32,14943.75,0.0,1,1,0.07,0.0,14594.32,14943.75,0.0,1,1,0.57,0.0,14594.32,14943.75,0.0,1,1,0.18,0.0,14594.32,14943.75,0.0,1,1,0.63,0.02,14594.32,14943.75,0.0
2025-06-29 05:47:00,1,1,1.62,0.0,14594.32,14943.75,0.0,1,1,0.59,2.6,14594.32,14943.75,0.0,1,1,0.73,0.53,14594.32,14943.75,0.0,1,1,1.92,0.06,14594.32,14943.75,0.0,1,1,0.18,2.39,14594.32,14943.75,0.0,1,1,0.08,0.0,14594.32,14943.75,0.0,1,1,0.14,0.0,14594.32,14943.75,0.0,1,1,0.07,0.0,14594.32,14943.75,0.0,1,1,0.54,0.0,14594.32,14943.75,0.0,1,1,0.19,0.0,14594.32,14943.75,0.0,1,1,0.64,0.25,14594.32,14943.75,0.0
2025-06-29 05:47:05,1,1,1.68,0.0,14594.32,14943.75,0.0,1,1,0.61,0.0,14594.32,14943.75,0.0,1,1,0.73,0.53,14594.32,14943.75,0.0,1,1,1.92,0.06,14594.32,14943.75,0.0,1,1,0.18,2.39,14594.32,14943.75,0.0,1,1,0.08,0.0,14594.32,14943.75,0.0,1,1,0.14,0.0,14594.32,14943.75,0.0,1,1,0.07,0.0,14594.32,14943.75,0.0,1,1,0.54,0.0,14594.32,14943.75,0.0,1,1,0.19,0.0,14594.32,14943.75,0.0,1,1,0.64,0.25,14594.32,14943.75,0.0
2025-06-29 05:47:10,1,1,1.68,0.0,14594.32,14943.75,0.0,1,1,0.61,0.0,14594.32,14943.75,0.0,1,1,0.56,0.0,14594.32,14943.75,0.0,1,1,1.58,2.34,14594.32,14943.75,0.0,1,1,0.18,2.39,14594.32,14943.75,0.0,1,1,0.05,0.0,14594.32,14943.75,0.0,1,1,0.15,0.0,14594.32,14943.75,0.0,1,1,0.12,0.0,14594.32,14943.75,0.0,1,1,0.43,3.21,14594.32,14943.75,0.0,1,1,0.19,0.0,14594.32,14943.75,0.0,1,1,0.59,0.0,14594.32,14943.75,0.0
2025-06-29 05:47:15,1,1,1.68,0.0,14594.32,14943.75,0.0,1,1,0.61,0.0,14594.32,14943.75,0.0,1,1,0.56,0.0,14594.32,14943.75,0.0,1,1,1.58,2.34,14594.32,14943.75,0.0,1,1,0.18,2.39,14594.32,14943.75,0.0,1,1,0.05,0.0,14594.32,14943.75,0.0,1,1,0.15,0.0,14594.32,14943.75,0.0,1,1,0.12,0.0,14594.32,14943.75,0.0,1,1,0.43,3.21,14594.32,14943.75,0.0,1,1,0.19,0.0,14594.32,14943.75,0.0,1,1,0.59,0.0,14594.32,14943.75,0.0
2025-06-29 05:47:20,1,1,1.18,0.0,14747.01,17973.68,0.0,1,1,0.47,0.0,14747.01,17973.68,0.0,1,1,0.46,0.63,14747.01,17973.68,0.0,1,1,0.98,0.02,14747.01,17973.68,0.0,1,1,0.05,0.01,14747.01,17973.68,0.0,1,1,0.06,0.0,14747.01,17973.68,0.0,1,1,0.15,0.0,14747.01,17973.68,0.0,1,1,0.03,0.0,14747.01,17973.68,0.0,1,1,0.43,3.21,14747.01,17973.68,0.0,1,1,0.19,0.0,14747.01,17973.68,0.0,1,1,0.61,0.0,14747.01,17973.68,0.0
2025-06-29 05:47:26,1,1,1.18,0.0,14747.01,17973.68,0.0,1,1,0.47,0.0,14747.01,17973.68,0.0,1,1,0.46,0.63,14747.01,17973.68,0.0,1,1,0.98,0.02,14747.01,17973.68,0.0,1,1,0.05,0.01,14747.01,17973.68,0.0,1,1,0.06,0.0,14747.01,17973.68,0.0,1,1,0.15,0.0,14747.01,17973.68,0.0,1,1,0.03,0.0,14747.01,17973.68,0.0,1,1,0.43,3.21,14747.01,17973.68,0.0,1,1,0.19,0.0,14747.01,17973.68,0.0,1,1,0.61,0.0,14747.01,17973.68,0.0
2025-06-29 05:47:31,1,1,1.23,0.0,14747.01,17973.68,0.0,1,1,0.47,0.0,14747.01,17973.68,0.0,1,1,0.65,0.0,14747.01,17973.68,0.0,1,1,0.65,0.01,14747.01,17973.68,0.0,1,1,0.05,0.01,14747.01,17973.68,0.0,1,1,0.06,0.0,14747.01,17973.68,0.0,1,1,0.12,0.0,14747.01,17973.68,0.0,1,1,0.09,0.0,14747.01,17973.68,0.0,1,1,0.49,0.0,14747.01,17973.68,0.0,1,1,0.22,0.0,14747.01,17973.68,0.0,1,1,0.61,0.0,14747.01,17973.68,0.0
2025-06-29 05:47:37,1,1,1.23,0.0,14747.01,17973.68,0.0,1,1,0.47,0.0,14747.01,17973.68,0.0,1,1,0.65,0.0,14747.01,17973.68,0.0,1,1,0.65,0.01,14747.01,17973.68,0.0,1,1,0.05,0.01,14747.01,17973.68,0.0,1,1,0.06,0.0,14747.01,17973.68,0.0,1,1,0.12,0.0,14747.01,17973.68,0.0,1,1,0.09,0.0,14747.01,17973.68,0.0,1,1,0.49,0.0,14747.01,17973.68,0.0,1,1,0.22,0.0,14747.01,17973.68,0.0,1,1,0.61,0.0,14747.01,17973.68,0.0
2025-06-29 05:47:42,1,1,1.23,0.0,14747.01,17973.68,0.0,1,1,0.74,0.0,14747.01,17973.68,0.0,1,1,0.46,0.0,14747.01,17973.68,0.0,1,1,0.65,0.01,14747.01,17973.68,0.0,1,1,0.04,0.01,14747.01,17973.68,0.0,1,1,0.07,0.61,14747.01,17973.68,0.0,1,1,0.12,0.0,14747.01,17973.68,0.0,1,1,0.09,0.0,14747.01,17973.68,0.0,1,1,0.49,0.0,14747.01,17973.68,0.0,1,1,0.16,0.0,14747.01,17973.68,0.0,1,1,0.62,0.0,14747.01,17973.68,0.0
2025-06-29 05:47:47,1,1,1.23,0.0,14747.01,17973.68,0.0,1,1,0.74,0.0,14747.01,17973.68,0.0,1,1,0.46,0.0,14747.01,17973.68,0.0,1,1,0.65,0.01,14747.01,17973.68,0.0,1,1,0.04,0.01,14747.01,17973.68,0.0,1,1,0.07,0.61,14747.01,17973.68,0.0,1,1,0.12,0.0,14747.01,17973.68,0.0,1,1,0.09,0.0,14747.01,17973.68,0.0,1,1,0.49,0.0,14747.01,17973.68,0.0,1,1,0.16,0.0,14747.01,17973.68,0.0,1,1,0.62,0.0,14893.41,15066.32,0.0
2025-06-29 05:47:52,1,1,1.28,0.0,14893.41,15066.32,0.0,1,1,1.0,0.0,14893.41,15066.32,0.0,1,1,0.46,0.0,14893.41,15066.32,0.0,1,1,0.98,2.09,14893.41,15066.32,0.0,1,1,0.04,0.01,14893.41,15066.32,0.0,1,1,0.07,0.61,14893.41,15066.32,0.0,1,1,0.15,2.31,14893.41,15066.32,0.0,1,1,0.13,0.71,14893.41,15066.32,0.0,1,1,0.46,0.0,14893.41,15066.32,0.0,1,1,0.16,0.0,14893.41,15066.32,0.0,1,1,0.62,0.0,14893.41,15066.32,0.0
2025-06-29 05:47:57,1,1,1.28,0.0,14893.41,15066.32,0.0,1,1,1.0,0.0,14893.41,15066.32,0.0,1,1,0.46,0.0,14893.41,15066.32,0.0,1,1,0.98,2.09,14893.41,15066.32,0.0,1,1,0.04,0.01,14893.41,15066.32,0.0,1,1,0.07,0.61,14893.41,15066.32,0.0,1,1,0.15,2.31,14893.41,15066.32,0.0,1,1,0.13,0.71,14893.41,15066.32,0.0,1,1,0.46,0.0,14893.41,15066.32,0.0,1,1,0.16,0.0,14893.41,15066.32,0.0,1,1,0.62,0.0,14893.41,15066.32,0.0
2025-06-29 05:48:03,1,1,1.62,0.0,14893.41,15066.32,0.0,1,1,1.0,0.0,14893.41,15066.32,0.0,1,1,0.79,0.0,14893.41,15066.32,0.0,1,1,0.98,2.09,14893.41,15066.32,0.0,1,1,0.06,0.02,14893.41,15066.32,0.0,1,1,0.12,0.45,14893.41,15066.32,0.0,1,1,0.14,0.0,14893.41,15066.32,0.0,1,1,0.06,0.0,14893.41,15066.32,0.0,1,1,0.46,0.0,14893.41,15066.32,0.0,1,1,0.19,0.0,14893.41,15066.32,0.0,1,1,0.64,0.02,14893.41,15066.32,0.0
2025-06-29 05:48:08,1,1,1.62,0.0,14893.41,15066.32,0.0,1,1,1.0,0.0,14893.41,15066.32,0.0,1,1,0.79,0.0,14893.41,15066.32,0.0,1,1,0.98,2.09,14893.41,15066.32,0.0,1,1,0.06,0.02,14893.41,15066.32,0.0,1,1,0.12,0.45,14893.41,15066.32,0.0,1,1,0.14,0.0,14893.41,15066.32,0.0,1,1,0.06,0.0,14893.41,15066.32,0.0,1,1,0.46,0.0,14893.41,15066.32,0.0,1,1,0.19,0.0,14893.41,15066.32,0.0,1,1,0.64,0.02,14893.41,15066.32,0.0
2025-06-29 05:48:13,1,1,1.73,0.0,14893.41,15066.32,0.0,1,1,0.68,3.69,14893.41,15066.32,0.0,1,1,0.79,0.0,14893.41,15066.32,0.0,1,1,1.16,0.03,14893.41,15066.32,0.0,1,1,0.41,3.11,14893.41,15066.32,0.0,1,1,0.12,0.45,14893.41,15066.32,0.0,1,1,0.15,0.0,14893.41,15066.32,0.0,1,1,0.06,0.0,14893.41,15066.32,0.0,1,1,0.7,2.58,14893.41,15066.32,0.0,1,1,0.17,0.0,14893.41,15066.32,0.0,1,1,0.64,0.25,14893.41,15066.32,0.0
2025-06-29 05:48:18,1,1,1.73,0.0,14893.41,15066.32,0.0,1,1,0.68,3.69,14893.41,15066.32,0.0,1,1,0.79,0.0,14893.41,15066.32,0.0,1,1,1.16,0.03,14893.41,15066.32,0.0,1,1,0.41,3.11,14893.41,15066.32,0.0,1,1,0.12,0.45,0.0,0.0,0.0,1,1,0.15,0.0,0.0,0.0,0.0,1,1,0.06,0.0,15077.49,18498.18,0.0,1,1,0.7,2.58,15077.49,18498.18,0.0,1,1,0.17,0.0,15077.49,18498.18,0.0,1,1,0.64,0.25,15077.49,18498.18,0.0
2025-06-29 05:48:23,1,1,1.73,0.0,15077.49,18498.18,0.0,1,1,0.87,2.57,15077.49,18498.18,0.0,1,1,0.71,0.01,15077.49,18498.18,0.0,1,1,1.46,2.23,15077.49,18498.18,0.0,1,1,0.41,3.11,15077.49,18498.18,0.0,1,1,0.11,0.0,15077.49,18498.18,0.0,1,1,0.16,0.0,15077.49,18498.18,0.0,1,1,0.14,0.0,15077.49,18498.18,0.0,1,1,0.48,0.0,15077.49,18498.18,0.0,1,1,0.17,0.0,15077.49,18498.18,0.0,1,1,0.64,0.25,15077.49,18498.18,0.0
2025-06-29 05:48:28,1,1,1.73,0.0,15077.49,18498.18,0.0,1,1,0.87,2.57,15077.49,18498.18,0.0,1,1,0.71,0.01,15077.49,18498.18,0.0,1,1,1.46,2.23,15077.49,18498.18,0.0,1,1,0.41,3.11,15077.49,18498.18,0.0,1,1,0.11,0.0,15077.49,18498.18,0.0,1,1,0.16,0.0,15077.49,18498.18,0.0,1,1,0.06,0.0,15077.49,18498.18,0.0,1,1,0.48,0.0,15077.49,18498.18,0.0,1,1,0.22,4.44,15077.49,18498.18,0.0,1,1,0.62,0.0,15077.49,18498.18,0.0
2025-06-29 05:48:34,1,1,1.86,0.0,15077.49,18498.18,0.0,1,1,0.87,2.57,15077.49,18498.18,0.0,1,1,0.71,0.01,15077.49,18498.18,0.0,1,1,1.46,2.23,15077.49,18498.18,0.0,1,1,0.05,0.01,15077.49,18498.18,0.0,1,1,0.06,0.01,15077.49,18498.18,0.0,1,1,0.16,0.0,15077.49,18498.18,0.0,1,1,0.06,0.0,15077.49,18498.18,0.0,1,1,0.48,0.0,15077.49,18498.18,0.0,1,1,0.22,4.44,15077.49,18498.18,0.0,1,1,0.62,0.0,15077.49,18498.18,0.0
2025-06-29 05:48:39,1,1,1.86,0.0,15077.49,18498.18,0.0,1,1,0.87,2.57,15077.49,18498.18,0.0,1,1,0.71,0.01,15077.49,18498.18,0.0,1,1,1.46,2.23,15077.49,18498.18,0.0,1,1,0.05,0.01,15077.49,18498.18,0.0,1,1,0.06,0.71,15077.49,18498.18,0.0,1,1,0.13,2.64,15077.49,18498.18,0.0,1,1,0.06,0.0,15077.49,18498.18,0.0,1,1,0.59,0.0,15077.49,18498.18,0.0,1,1,0.22,4.44,15077.49,18498.18,0.0,1,1,0.64,0.0,15077.49,18498.18,0.0
2025-06-29 05:48:45,1,1,1.56,0.0,15077.49,18498.18,0.0,1,1,0.64,0.0,15077.49,18498.18,0.0,1,1,0.64,0.51,15077.49,18498.18,0.0,1,1,1.06,0.04,15077.49,18498.18,0.0,1,1,0.05,0.01,15077.49,18498.18,0.0,1,1,0.05,0.71,15077.49,18498.18,0.0,1,1,0.13,2.64,15077.49,18498.18,0.0,1,1,0.06,0.0,15077.49,18498.18,0.0,1,1,0.59,0.0,15077.49,18498.18,0.0,1,1,0.22,4.44,15077.49,18498.18,0.0,1,1,0.64,0.0,15077.49,18498.18,0.0
2025-06-29 05:48:50,1,1,1.56,0.0,14393.96,14798.45,0.0,1,1,0.64,0.0,14393.96,14798.45,0.0,1,1,0.64,0.51,14393.96,14798.45,0.0,1,1,1.06,0.04,14393.96,14798.45,0.0,1,1,0.05,0.01,14393.96,14798.45,0.0,1,1,0.05,0.71,14393.96,14798.45,0.0,1,1,0.14,0.0,14393.96,14798.45,0.0,1,1,0.06,0.0,14393.96,14798.45,0.0,1,1,0.59,0.0,14393.96,14798.45,0.0,1,1,0.2,0.0,14393.96,14798.45,0.0,1,1,0.64,0.0,14393.96,14798.45,0.0
2025-06-29 05:48:55,1,1,1.4,0.0,14393.96,14798.45,0.0,1,1,0.64,0.0,14393.96,14798.45,0.0,1,1,0.67,0.0,14393.96,14798.45,0.0,1,1,1.06,0.04,14393.96,14798.45,0.0,1,1,0.05,0.01,14393.96,14798.45,0.0,1,1,0.05,0.71,14393.96,14798.45,0.0,1,1,0.14,0.0,14393.96,14798.45,0.0,1,1,0.06,0.0,14393.96,14798.45,0.0,1,1,0.59,0.0,14393.96,14798.45,0.0,1,1,0.2,0.0,14393.96,14798.45,0.0,1,1,0.64,0.0,14393.96,14798.45,0.0
2025-06-29 05:49:00,1,1,1.4,0.0,14393.96,14798.45,0.0,1,1,0.62,0.0,14393.96,14798.45,0.0,1,1,0.47,0.82,14393.96,14798.45,0.0,1,1,1.39,0.01,14393.96,14798.45,0.0,1,1,0.06,0.01,14393.96,14798.45,0.0,1,1,0.07,0.0,14393.96,14798.45,0.0,1,1,0.14,0.0,14393.96,14798.45,0.0,1,1,0.08,0.0,14393.96,14798.45,0.0,1,1,0.53,0.0,14393.96,14798.45,0.0,1,1,0.2,0.0,14393.96,14798.45,0.0,1,1,0.63,0.23,14393.96,14798.45,0.0
2025-06-29 05:49:05,1,1,1.4,0.0,14393.96,14798.45,0.0,1,1,0.62,0.0,14393.96,14798.45,0.0,1,1,0.47,0.82,14393.96,14798.45,0.0,1,1,1.39,0.01,14393.96,14798.45,0.0,1,1,0.06,0.01,14393.96,14798.45,0.0,1,1,0.07,0.0,14393.96,14798.45,0.0,1,1,0.14,0.0,14393.96,14798.45,0.0,1,1,0.08,0.0,14393.96,14798.45,0.0,1,1,0.53,0.0,14393.96,14798.45,0.0,1,1,0.2,0.0,14393.96,14798.45,0.0,1,1,0.63,0.23,14393.96,14798.45,0.0
2025-06-29 05:49:10,1,1,1.17,1.74,14393.96,14798.45,0.0,1,1,0.62,0.0,14393.96,14798.45,0.0,1,1,0.59,0.01,14393.96,14798.45,0.0,1,1,1.39,0.01,14393.96,14798.45,0.0,1,1,0.06,0.01,14393.96,14798.45,0.0,1,1,0.07,0.0,14393.96,14798.45,0.0,1,1,0.13,0.0,14393.96,14798.45,0.0,1,1,0.08,0.0,14393.96,14798.45,0.0,1,1,0.43,0.0,14393.96,14798.45,0.0,1,1,0.17,0.0,14393.96,14798.45,0.0,1,1,0.63,0.23,14393.96,14798.45,0.0
2025-06-29 05:49:16,1,1,1.17,1.74,14393.96,14798.45,0.0,1,1,0.62,0.0,14393.96,14798.45,0.0,1,1,0.59,0.01,14393.96,14798.45,0.0,1,1,1.39,0.01,14393.96,14798.45,0.0,1,1,0.06,0.01,14393.96,14798.45,0.0,1,1,0.07,0.0,14393.96,14798.45,0.0,1,1,0.13,0.0,14393.96,14798.45,0.0,1,1,0.08,0.0,14393.96,14798.45,0.0,1,1,0.43,0.0,14393.96,14798.45,0.0,1,1,0.17,0.0,14393.96,14798.45,0.0,1,1,0.63,0.23,14393.96,14798.45,0.0
2025-06-29 05:49:21,1,1,1.34,0.0,14254.3,17553.89,0.0,1,1,0.62,0.0,14254.3,17553.89,0.0,1,1,0.63,0.86,14254.3,17553.89,0.0,1,1,0.82,1.78,14254.3,17553.89,0.0,1,1,0.04,0.01,14254.3,17553.89,0.0,1,1,0.09,0.45,14254.3,17553.89,0.0,1,1,0.13,0.0,14254.3,17553.89,0.0,1,1,0.04,0.0,14254.3,17553.89,0.0,1,1,0.43,0.0,14254.3,17553.89,0.0,1,1,0.15,0.0,14254.3,17553.89,0.0,1,1,0.63,0.0,14254.3,17553.89,0.0
2025-06-29 05:49:26,1,1,1.34,0.0,14254.3,17553.89,0.0,1,1,0.62,0.0,14254.3,17553.89,0.0,1,1,0.63,0.86,14254.3,17553.89,0.0,1,1,0.82,1.78,14254.3,17553.89,0.0,1,1,0.04,0.01,14254.3,17553.89,0.0,1,1,0.09,0.45,14254.3,17553.89,0.0,1,1,0.13,0.0,14254.3,17553.89,0.0,1,1,0.04,0.0,14254.3,17553.89,0.0,1,1,0.43,0.0,14254.3,17553.89,0.0,1,1,0.15,0.0,14254.3,17553.89,0.0,1,1,0.63,0.0,14254.3,17553.89,0.0
2025-06-29 05:49:31,1,1,1.25,0.0,14254.3,17553.89,0.0,1,1,0.69,0.0,14254.3,17553.89,0.0,1,1,0.63,0.0,14254.3,17553.89,0.0,1,1,0.8,0.04,14254.3,17553.89,0.0,1,1,0.04,0.01,14254.3,17553.89,0.0,1,1,0.07,0.0,14254.3,17553.89,0.0,1,1,0.13,2.12,14254.3,17553.89,0.0,1,1,0.04,0.0,14254.3,17553.89,0.0,1,1,0.49,0.0,14254.3,17553.89,0.0,1,1,0.15,0.0,14254.3,17553.89,0.0,1,1,0.63,0.0,14254.3,17553.89,0.0
2025-06-29 05:49:36,1,1,1.25,0.0,14254.3,17553.89,0.0,1,1,0.69,0.0,14254.3,17553.89,0.0,1,1,0.63,0.0,14254.3,17553.89,0.0,1,1,0.8,0.04,14254.3,17553.89,0.0,1,1,0.04,0.01,14254.3,17553.89,0.0,1,1,0.07,0.0,14254.3,17553.89,0.0,1,1,0.13,2.12,14254.3,17553.89,0.0,1,1,0.04,0.0,14254.3,17553.89,0.0,1,1,0.49,0.0,14254.3,17553.89,0.0,1,1,0.15,0.0,14254.3,17553.89,0.0,1,1,0.63,0.0,14254.3,17553.89,0.0
2025-06-29 05:49:42,1,1,1.48,0.0,14254.3,17553.89,0.0,1,1,0.57,0.0,14254.3,17553.89,0.0,1,1,0.63,0.0,14254.3,17553.89,0.0,1,1,0.8,0.04,14254.3,17553.89,0.0,1,1,0.05,0.01,14254.3,17553.89,0.0,1,1,0.07,0.0,14254.3,17553.89,0.0,1,1,0.13,2.12,14254.3,17553.89,0.0,1,1,0.05,0.0,14254.3,17553.89,0.0,1,1,0.49,0.0,14254.3,17553.89,0.0,1,1,0.17,0.0,14254.3,17553.89,0.0,1,1,0.63,0.0,14254.3,17553.89,0.0
2025-06-29 05:49:47,1,1,1.48,0.0,14254.3,17553.89,0.0,1,1,0.57,0.0,14254.3,17553.89,0.0,1,1,0.63,0.0,14254.3,17553.89,0.0,1,1,0.8,0.04,14254.3,17553.89,0.0,1,1,0.05,0.01,14254.3,17553.89,0.0,1,1,0.07,0.0,14254.3,17553.89,0.0,1,1,0.13,2.12,0.0,15177.73,0.0,1,1,0.05,0.0,14853.45,15177.73,0.0,1,1,0.49,0.0,14853.45,15177.73,0.0,1,1,0.17,0.0,14853.45,15177.73,0.0,1,1,0.64,0.0,14853.45,15177.73,0.0
2025-06-29 05:49:54,1,1,1.52,0.0,14853.45,15177.73,0.0,1,1,0.57,0.0,14853.45,15177.73,0.0,1,1,0.6,0.0,14853.45,15177.73,0.0,1,1,1.32,2.55,14853.45,15177.73,0.0,1,1,0.08,0.01,14853.45,15177.73,0.0,1,1,0.08,0.0,14853.45,15177.73,0.0,1,1,0.15,0.0,14853.45,15177.73,0.0,1,1,0.08,0.0,14853.45,15177.73,0.0,1,1,0.53,2.16,14853.45,15177.73,0.0,1,1,0.23,8.3,14853.45,15177.73,0.0,1,1,0.64,0.0,14853.45,15177.73,0.0
2025-06-29 05:50:00,1,1,1.52,0.0,14853.45,15177.73,0.0,1,1,0.57,0.0,14853.45,15177.73,0.0,1,1,0.73,0.02,14853.45,15177.73,0.0,1,1,1.37,2.08,14853.45,15177.73,0.0,1,1,0.08,0.01,14853.45,15177.73,0.0,1,1,0.08,0.0,14853.45,15177.73,0.0,1,1,0.12,0.0,14853.45,15177.73,0.0,1,1,0.08,0.0,14853.45,15177.73,0.0,1,1,0.55,0.0,14853.45,15177.73,0.0,1,1,0.22,0.0,14853.45,15177.73,0.0,1,1,0.66,0.0,14853.45,15177.73,0.0
2025-06-29 05:50:06,1,1,1.52,0.0,14853.45,15177.73,0.0,1,1,0.69,2.63,14853.45,15177.73,0.0,1,1,0.73,0.02,14853.45,15177.73,0.0,1,1,1.37,2.08,14853.45,15177.73,0.0,1,1,0.08,0.01,14853.45,15177.73,0.0,1,1,0.08,0.0,14853.45,15177.73,0.0,1,1,0.12,0.0,14853.45,15177.73,0.0,1,1,0.08,0.0,14853.45,15177.73,0.0,1,1,0.55,0.0,14853.45,15177.73,0.0,1,1,0.22,0.0,14853.45,15177.73,0.0,1,1,0.66,0.0,14853.45,15177.73,0.0
2025-06-29 05:50:13,1,1,1.73,0.0,14853.45,15177.73,0.0,1,1,0.72,0.0,14853.45,15177.73,0.0,1,1,0.73,0.02,14853.45,15177.73,0.0,1,1,1.37,2.08,14853.45,15177.73,0.0,1,1,0.06,2.55,14853.45,15177.73,0.0,1,1,0.06,0.0,14853.45,15177.73,0.0,1,1,0.12,0.0,14853.45,15177.73,0.0,1,1,0.05,0.0,14853.45,15177.73,0.0,1,1,0.55,0.0,14853.45,15177.73,0.0,1,1,0.22,0.0,14853.45,15177.73,0.0,1,1,0.66,0.0,14853.45,15177.73,0.0
2025-06-29 05:50:18,1,1,1.73,0.0,14853.45,15177.73,0.0,1,1,0.72,0.0,14853.45,15177.73,0.0,1,1,0.73,0.02,14853.45,15177.73,0.0,1,1,1.37,2.08,14853.45,0.0,0.0,1,1,0.06,2.55,14300.55,18415.11,0.0,1,1,0.06,0.0,14300.55,18415.11,0.0,1,1,0.12,0.0,14300.55,18415.11,0.0,1,1,0.05,0.0,14300.55,18415.11,0.0,1,1,0.66,0.0,14300.55,18415.11,0.0,1,1,0.33,0.01,14300.55,18415.11,0.0,1,1,0.69,0.0,14300.55,18415.11,0.0
2025-06-29 05:50:24,1,1,1.73,0.0,14300.55,18415.11,0.0,1,1,0.72,0.0,14300.55,18415.11,0.0,1,1,0.86,0.52,14300.55,18415.11,0.0,1,1,1.17,0.02,14300.55,18415.11,0.0,1,1,0.06,2.55,14300.55,18415.11,0.0,1,1,0.18,0.69,14300.55,18415.11,0.0,1,1,0.18,0.0,14300.55,18415.11,0.0,1,1,0.05,0.0,14300.55,18415.11,0.0,1,1,0.66,0.0,14300.55,18415.11,0.0,1,1,0.33,0.01,14300.55,18415.11,0.0,1,1,0.69,0.0,14300.55,18415.11,0.0
2025-06-29 05:50:29,1,1,1.73,0.0,14300.55,18415.11,0.0,1,1,0.72,0.0,14300.55,18415.11,0.0,1,1,0.86,0.52,14300.55,18415.11,0.0,1,1,1.17,0.02,14300.55,18415.11,0.0,1,1,0.06,2.55,14300.55,18415.11,0.0,1,1,0.18,0.69,14300.55,18415.11,0.0,1,1,0.18,0.0,14300.55,18415.11,0.0,1,1,0.1,0.0,14300.55,18415.11,0.0,1,1,0.49,0.0,14300.55,18415.11,0.0,1,1,0.33,0.01,14300.55,18415.11,0.0,1,1,0.63,0.0,14300.55,18415.11,0.0
2025-06-29 05:50:34,1,1,2.03,0.0,14300.55,18415.11,0.0,1,1,0.99,0.0,14300.55,18415.11,0.0,1,1,0.53,0.0,14300.55,18415.11,0.0,1,1,1.21,0.02,14300.55,18415.11,0.0,1,1,0.07,0.02,14300.55,18415.11,0.0,1,1,0.18,0.69,14300.55,18415.11,0.0,1,1,0.12,0.0,14300.55,18415.11,0.0,1,1,0.1,0.0,14300.55,18415.11,0.0,1,1,0.49,0.0,14300.55,18415.11,0.0,1,1,0.33,0.01,14300.55,18415.11,0.0,1,1,0.63,0.0,14300.55,18415.11,0.0
2025-06-29 05:50:39,1,1,2.03,0.0,14300.55,18415.11,0.0,1,1,0.99,0.0,14300.55,18415.11,0.0,1,1,0.53,0.0,14300.55,18415.11,0.0,1,1,1.21,0.02,14300.55,18415.11,0.0,1,1,0.07,0.01,14300.55,18415.11,0.0,1,1,0.07,0.01,14300.55,18415.11,0.0,1,1,0.12,0.0,14300.55,18415.11,0.0,1,1,0.1,0.0,14300.55,18415.11,0.0,1,1,0.49,0.0,14300.55,18415.11,0.0,1,1,0.16,4.61,14300.55,18415.11,0.0,1,1,0.63,0.0,14300.55,18415.11,0.0
2025-06-29 05:50:45,1,1,1.34,0.0,14300.55,18415.11,0.0,1,1,0.63,0.0,14300.55,18415.11,0.0,1,1,0.68,0.0,14300.55,18415.11,0.0,1,1,1.4,3.23,14300.55,18415.11,0.0,1,1,0.05,0.01,14300.55,18415.11,0.0,1,1,0.07,0.01,14300.55,18415.11,0.0,1,1,0.12,0.0,14300.55,18415.11,0.0,1,1,0.1,0.0,14300.55,18415.11,0.0,1,1,0.49,0.0,14300.55,18415.11,0.0,1,1,0.16,4.61,14300.55,18415.11,0.0,1,1,0.63,0.0,14300.55,18415.11,0.0
2025-06-29 05:50:50,1,1,1.34,0.0,14434.59,14829.12,0.0,1,1,0.63,0.0,14434.59,14829.12,0.0,1,1,0.6,0.0,14434.59,14829.12,0.0,1,1,1.4,3.23,14434.59,14829.12,0.0,1,1,0.09,0.02,14434.59,14829.12,0.0,1,1,0.06,0.0,14434.59,14829.12,0.0,1,1,0.16,0.0,14434.59,14829.12,0.0,1,1,0.12,0.01,14434.59,14829.12,0.0,1,1,0.58,0.0,14434.59,14829.12,0.0,1,1,0.19,0.0,14434.59,14829.12,0.0,1,1,0.64,0.0,14434.59,14829.12,0.0
2025-06-29 05:50:55,1,1,1.34,0.0,14434.59,14829.12,0.0,1,1,0.63,0.0,14434.59,14829.12,0.0,1,1,0.6,0.0,14434.59,14829.12,0.0,1,1,1.4,3.23,14434.59,14829.12,0.0,1,1,0.09,0.02,14434.59,14829.12,0.0,1,1,0.06,0.0,14434.59,14829.12,0.0,1,1,0.16,0.0,14434.59,14829.12,0.0,1,1,0.12,0.01,14434.59,14829.12,0.0,1,1,0.58,0.0,14434.59,14829.12,0.0,1,1,0.19,0.0,14434.59,14829.12,0.0,1,1,0.64,0.0,14434.59,14829.12,0.0
2025-06-29 05:51:01,1,1,1.55,0.0,14434.59,14829.12,0.0,1,1,0.57,2.75,14434.59,14829.12,0.0,1,1,0.6,0.0,14434.59,14829.12,0.0,1,1,1.04,3.03,14434.59,14829.12,0.0,1,1,0.09,0.02,14434.59,14829.12,0.0,1,1,0.06,0.0,14434.59,14829.12,0.0,1,1,0.16,0.0,14434.59,14829.12,0.0,1,1,0.08,0.0,14434.59,14829.12,0.0,1,1,0.45,3.04,14434.59,14829.12,0.0,1,1,0.19,0.0,14434.59,14829.12,0.0,1,1,0.64,0.0,14434.59,14829.12,0.0
2025-06-29 05:51:06,1,1,1.55,0.0,14434.59,14829.12,0.0,1,1,0.57,2.75,14434.59,14829.12,0.0,1,1,0.6,0.0,14434.59,14829.12,0.0,1,1,1.04,3.03,14434.59,14829.12,0.0,1,1,0.09,0.02,14434.59,14829.12,0.0,1,1,0.06,0.0,14434.59,14829.12,0.0,1,1,0.16,0.0,14434.59,14829.12,0.0,1,1,0.08,0.0,14434.59,14829.12,0.0,1,1,0.45,3.04,14434.59,14829.12,0.0,1,1,0.19,0.0,14434.59,14829.12,0.0,1,1,0.64,0.0,14434.59,14829.12,0.0
2025-06-29 05:51:11,1,1,1.34,0.0,14434.59,14829.12,0.0,1,1,0.54,3.04,14434.59,14829.12,0.0,1,1,0.63,0.0,14434.59,14829.12,0.0,1,1,1.47,0.04,14434.59,14829.12,0.0,1,1,0.08,0.02,14434.59,14829.12,0.0,1,1,0.1,0.01,14434.59,14829.12,0.0,1,1,0.15,0.0,14434.59,14829.12,0.0,1,1,0.08,0.0,14434.59,14829.12,0.0,1,1,0.49,0.0,14434.59,14829.12,0.0,1,1,0.22,0.0,14434.59,14829.12,0.0,1,1,0.63,0.0,14434.59,14829.12,0.0
2025-06-29 05:51:17,1,1,1.34,0.0,14434.59,14829.12,0.0,1,1,0.54,3.04,14434.59,14829.12,0.0,1,1,0.63,0.0,14434.59,14829.12,0.0,1,1,1.47,0.04,14434.59,14829.12,0.0,1,1,0.08,0.02,14434.59,14829.12,0.0,1,1,0.1,0.01,14434.59,14829.12,0.0,1,1,0.15,0.0,14434.59,14829.12,0.0,1,1,0.08,0.0,14434.59,14829.12,0.0,1,1,0.49,0.0,14434.59,14829.12,0.0,1,1,0.22,0.0,14434.59,14829.12,0.0,1,1,0.63,0.0,14434.59,14829.12,0.0
2025-06-29 05:51:22,1,1,1.34,0.0,14967.94,18152.1,0.0,1,1,0.54,3.04,14967.94,18152.1,0.0,1,1,0.47,0.0,14967.94,18152.1,0.0,1,1,1.2,0.01,14967.94,18152.1,0.0,1,1,0.02,0.01,14967.94,18152.1,0.0,1,1,0.05,0.01,14967.94,18152.1,0.0,1,1,0.15,2.99,14967.94,18152.1,0.0,1,1,0.02,0.0,14967.94,18152.1,0.0,1,1,0.49,0.0,14967.94,18152.1,0.0,1,1,0.22,0.0,14967.94,18152.1,0.0,1,1,0.64,0.0,14967.94,18152.1,0.0
2025-06-29 05:51:27,1,1,1.34,0.0,14967.94,18152.1,0.0,1,1,0.54,3.04,14967.94,18152.1,0.0,1,1,0.47,0.0,14967.94,18152.1,0.0,1,1,1.2,0.01,14967.94,18152.1,0.0,1,1,0.02,0.01,14967.94,18152.1,0.0,1,1,0.05,0.01,14967.94,18152.1,0.0,1,1,0.15,2.99,14967.94,18152.1,0.0,1,1,0.02,0.0,14967.94,18152.1,0.0,1,1,0.49,0.0,14967.94,18152.1,0.0,1,1,0.22,0.0,14967.94,18152.1,0.0,1,1,0.64,0.0,14967.94,18152.1,0.0
2025-06-29 05:51:32,1,1,1.66,0.0,14967.94,18152.1,0.0,1,1,0.75,0.0,14967.94,18152.1,0.0,1,1,0.9,0.02,14967.94,18152.1,0.0,1,1,1.2,0.01,14967.94,18152.1,0.0,1,1,0.05,0.01,14967.94,18152.1,0.0,1,1,0.05,0.01,14967.94,18152.1,0.0,1,1,0.15,0.0,14967.94,18152.1,0.0,1,1,0.09,0.0,14967.94,18152.1,0.0,1,1,0.55,0.0,14967.94,18152.1,0.0,1,1,0.2,0.01,14967.94,18152.1,0.0,1,1,0.63,0.0,14967.94,18152.1,0.0
2025-06-29 05:51:37,1,1,1.66,0.0,14967.94,18152.1,0.0,1,1,0.75,0.0,14967.94,18152.1,0.0,1,1,0.9,0.02,14967.94,18152.1,0.0,1,1,1.2,0.01,14967.94,18152.1,0.0,1,1,0.05,0.01,14967.94,18152.1,0.0,1,1,0.05,0.01,14967.94,18152.1,0.0,1,1,0.15,0.0,14967.94,18152.1,0.0,1,1,0.09,0.0,14967.94,18152.1,0.0,1,1,0.55,0.0,14967.94,18152.1,0.0,1,1,0.2,0.01,14967.94,18152.1,0.0,1,1,0.63,0.0,14967.94,18152.1,0.0
2025-06-29 05:51:42,1,1,1.66,0.0,14967.94,18152.1,0.0,1,1,0.65,0.0,14967.94,18152.1,0.0,1,1,0.41,0.74,14967.94,18152.1,0.0,1,1,1.17,0.01,14967.94,18152.1,0.0,1,1,0.05,0.01,14967.94,18152.1,0.0,1,1,0.08,0.0,14967.94,18152.1,0.0,1,1,0.15,0.0,14967.94,18152.1,0.0,1,1,0.03,0.0,14967.94,18152.1,0.0,1,1,0.45,2.89,14967.94,18152.1,0.0,1,1,0.19,0.0,14967.94,18152.1,0.0,1,1,0.63,0.0,14967.94,18152.1,0.0
2025-06-29 05:51:47,1,1,1.66,0.0,14967.94,18152.1,0.0,1,1,0.65,0.0,14967.94,18152.1,0.0,1,1,0.41,0.74,14967.94,18152.1,0.0,1,1,1.17,0.01,14967.94,18152.1,0.0,1,1,0.05,0.01,14967.94,18152.1,0.0,1,1,0.08,0.0,14967.94,18152.1,0.0,1,1,0.15,0.0,14967.94,18152.1,0.0,1,1,0.03,0.0,14967.94,18152.1,0.0,1,1,0.45,2.89,14984.5,15236.71,0.0,1,1,0.19,0.0,14984.5,15236.71,0.0,1,1,0.63,0.0,14984.5,15236.71,0.0
2025-06-29 05:51:53,1,1,1.22,0.0,14984.5,15236.71,0.0,1,1,0.65,0.0,14984.5,15236.71,0.0,1,1,0.41,0.74,14984.5,15236.71,0.0,1,1,1.11,1.86,14984.5,15236.71,0.0,1,1,0.04,2.54,14984.5,15236.71,0.0,1,1,0.07,0.88,14984.5,15236.71,0.0,1,1,0.14,0.0,14984.5,15236.71,0.0,1,1,0.03,0.0,14984.5,15236.71,0.0,1,1,0.55,3.55,14984.5,15236.71,0.0,1,1,0.19,0.0,14984.5,15236.71,0.0,1,1,0.63,0.0,14984.5,15236.71,0.0
2025-06-29 05:51:58,1,1,1.22,0.0,14984.5,15236.71,0.0,1,1,0.65,0.0,14984.5,15236.71,0.0,1,1,0.41,0.74,14984.5,15236.71,0.0,1,1,1.11,1.86,14984.5,15236.71,0.0,1,1,0.04,2.54,14984.5,15236.71,0.0,1,1,0.07,0.88,14984.5,15236.71,0.0,1,1,0.14,0.0,14984.5,15236.71,0.0,1,1,0.03,0.0,14984.5,15236.71,0.0,1,1,0.55,3.55,14984.5,15236.71,0.0,1,1,0.19,0.0,14984.5,15236.71,0.0,1,1,0.63,0.0,14984.5,15236.71,0.0
2025-06-29 05:52:03,1,1,1.22,0.0,14984.5,15236.71,0.0,1,1,0.71,0.0,14984.5,15236.71,0.0,1,1,0.64,0.0,14984.5,15236.71,0.0,1,1,1.11,1.86,14984.5,15236.71,0.0,1,1,0.04,2.54,14984.5,15236.71,0.0,1,1,0.07,0.0,14984.5,15236.71,0.0,1,1,0.12,0.0,14984.5,15236.71,0.0,1,1,0.03,0.0,14984.5,15236.71,0.0,1,1,0.55,3.55,14984.5,15236.71,0.0,1,1,0.19,6.91,14984.5,15236.71,0.0,1,1,0.63,0.0,14984.5,15236.71,0.0
2025-06-29 05:52:08,1,1,1.22,0.0,14984.5,15236.71,0.0,1,1,0.71,0.0,14984.5,15236.71,0.0,1,1,0.64,0.0,14984.5,15236.71,0.0,1,1,1.11,1.86,14984.5,15236.71,0.0,1,1,0.04,2.54,14984.5,15236.71,0.0,1,1,0.07,0.0,14984.5,15236.71,0.0,1,1,0.12,0.0,14984.5,15236.71,0.0,1,1,0.03,0.0,14984.5,15236.71,0.0,1,1,0.55,3.55,14984.5,15236.71,0.0,1,1,0.19,6.91,14984.5,15236.71,0.0,1,1,0.63,0.0,14984.5,15236.71,0.0
2025-06-29 05:52:13,1,1,1.69,0.0,14984.5,15236.71,0.0,1,1,0.71,0.0,14984.5,15236.71,0.0,1,1,0.64,0.0,14984.5,15236.71,0.0,1,1,0.96,0.02,14984.5,15236.71,0.0,1,1,0.08,0.02,14984.5,15236.71,0.0,1,1,0.07,0.0,14984.5,15236.71,0.0,1,1,0.12,0.0,14984.5,15236.71,0.0,1,1,0.08,0.0,14984.5,15236.71,0.0,1,1,0.48,0.0,14984.5,15236.71,0.0,1,1,0.19,6.91,14984.5,15236.71,0.0,1,1,0.63,0.0,14984.5,15236.71,0.0
2025-06-29 05:52:18,1,1,1.69,0.0,14984.5,15236.71,0.0,1,1,0.71,0.0,14984.5,15236.71,0.0,1,1,0.64,0.0,14984.5,15236.71,0.0,1,1,0.96,0.02,14984.5,15236.71,0.0,1,1,0.08,0.02,0.0,18434.41,0.0,1,1,0.07,0.0,15055.59,18434.41,0.0,1,1,0.12,0.0,15055.59,18434.41,0.0,1,1,0.08,0.0,15055.59,18434.41,0.0,1,1,0.48,0.0,15055.59,18434.41,0.0,1,1,0.19,6.91,15055.59,18434.41,0.0,1,1,0.64,0.0,15055.59,18434.41,0.0
2025-06-29 05:52:23,1,1,1.69,0.0,15055.59,18434.41,0.0,1,1,0.91,0.0,15055.59,18434.41,0.0,1,1,0.63,0.0,15055.59,18434.41,0.0,1,1,0.96,0.02,15055.59,18434.41,0.0,1,1,0.08,0.02,15055.59,18434.41,0.0,1,1,0.1,0.7,15055.59,18434.41,0.0,1,1,0.13,0.0,15055.59,18434.41,0.0,1,1,0.09,0.0,15055.59,18434.41,0.0,1,1,0.48,0.0,15055.59,18434.41,0.0,1,1,0.19,0.0,15055.59,18434.41,0.0,1,1,0.64,0.0,15055.59,18434.41,0.0
2025-06-29 05:52:29,1,1,1.69,0.0,15055.59,18434.41,0.0,1,1,0.91,0.0,15055.59,18434.41,0.0,1,1,0.63,0.0,15055.59,18434.41,0.0,1,1,0.96,0.02,15055.59,18434.41,0.0,1,1,0.08,0.02,15055.59,18434.41,0.0,1,1,0.1,0.7,15055.59,18434.41,0.0,1,1,0.13,0.0,15055.59,18434.41,0.0,1,1,0.21,0.0,15055.59,18434.41,0.0,1,1,0.67,0.0,15055.59,18434.41,0.0,1,1,0.67,0.0,15055.59,18434.41,0.0,1,1,0.64,0.0,15055.59,18434.41,0.0
2025-06-29 05:52:34,1,1,1.82,0.0,15055.59,18434.41,0.0,1,1,0.91,0.0,15055.59,18434.41,0.0,1,1,1.0,0.59,15055.59,18434.41,0.0,1,1,1.59,0.03,15055.59,18434.41,0.0,1,1,0.06,0.01,15055.59,18434.41,0.0,1,1,0.1,0.0,15055.59,18434.41,0.0,1,1,0.19,3.22,15055.59,18434.41,0.0,1,1,0.21,0.0,15055.59,18434.41,0.0,1,1,0.67,0.0,15055.59,18434.41,0.0,1,1,0.67,0.0,15055.59,18434.41,0.0,1,1,0.64,0.0,15055.59,18434.41,0.0
2025-06-29 05:52:39,1,1,1.82,0.0,15055.59,18434.41,0.0,1,1,0.91,0.0,15055.59,18434.41,0.0,1,1,1.0,0.59,15055.59,18434.41,0.0,1,1,1.59,0.03,15055.59,18434.41,0.0,1,1,0.11,0.03,15055.59,18434.41,0.0,1,1,0.12,0.0,15055.59,18434.41,0.0,1,1,0.15,0.0,15055.59,18434.41,0.0,1,1,0.21,0.0,15055.59,18434.41,0.0,1,1,0.6,0.0,15055.59,18434.41,0.0,1,1,0.67,0.0,15055.59,18434.41,0.0,1,1,0.65,0.0,15055.59,18434.41,0.0
2025-06-29 05:52:46,1,1,1.73,0.0,15055.59,18434.41,0.0,1,1,1.01,2.42,15055.59,18434.41,0.0,1,1,0.78,0.0,15055.59,18434.41,0.0,1,1,1.59,0.03,15055.59,18434.41,0.0,1,1,0.11,0.03,15055.59,18434.41,0.0,1,1,0.12,0.0,15055.59,18434.41,0.0,1,1,0.15,0.0,15055.59,18434.41,0.0,1,1,0.21,0.0,15055.59,18434.41,0.0,1,1,0.6,0.0,15055.59,18434.41,0.0,1,1,0.67,0.0,15055.59,18434.41,0.0,1,1,0.65,0.0,15055.59,18434.41,0.0
2025-06-29 05:52:51,1,1,1.61,0.0,15486.81,15830.32,0.0,1,1,0.57,3.09,15486.81,15830.32,0.0,1,1,0.78,0.0,15486.81,15830.32,0.0,1,1,1.1,2.43,15486.81,15830.32,0.0,1,1,0.08,0.01,15486.81,15830.32,0.0,1,1,0.12,0.0,15486.81,15830.32,0.0,1,1,0.15,0.0,15486.81,15830.32,0.0,1,1,0.18,0.01,15486.81,15830.32,0.0,1,1,0.6,0.0,15486.81,15830.32,0.0,1,1,0.19,0.0,15486.81,15830.32,0.0,1,1,0.64,0.0,15486.81,15830.32,0.0
2025-06-29 05:52:56,1,1,1.61,0.0,15486.81,15830.32,0.0,1,1,0.57,3.09,15486.81,15830.32,0.0,1,1,0.78,0.0,15486.81,15830.32,0.0,1,1,1.1,2.43,15486.81,15830.32,0.0,1,1,0.08,0.01,15486.81,15830.32,0.0,1,1,0.12,0.0,15486.81,15830.32,0.0,1,1,0.15,0.0,15486.81,15830.32,0.0,1,1,0.18,0.01,15486.81,15830.32,0.0,1,1,0.6,0.0,15486.81,15830.32,0.0,1,1,0.19,0.0,15486.81,15830.32,0.0,1,1,0.64,0.0,15486.81,15830.32,0.0
2025-06-29 05:53:01,1,1,1.61,0.0,15486.81,15830.32,0.0,1,1,0.57,3.09,15486.81,15830.32,0.0,1,1,0.6,0.59,15486.81,15830.32,0.0,1,1,1.3,2.13,15486.81,15830.32,0.0,1,1,0.07,0.02,15486.81,15830.32,0.0,1,1,0.08,0.46,15486.81,15830.32,0.0,1,1,0.16,3.2,15486.81,15830.32,0.0,1,1,0.12,0.0,15486.81,15830.32,0.0,1,1,0.46,0.0,15486.81,15830.32,0.0,1,1,0.19,0.0,15486.81,15830.32,0.0,1,1,0.64,0.0,15486.81,15830.32,0.0
2025-06-29 05:53:06,1,1,1.61,0.0,15486.81,15830.32,0.0,1,1,0.57,3.09,15486.81,15830.32,0.0,1,1,0.6,0.59,15486.81,15830.32,0.0,1,1,1.3,2.13,15486.81,15830.32,0.0,1,1,0.07,0.02,15486.81,15830.32,0.0,1,1,0.08,0.46,15486.81,15830.32,0.0,1,1,0.16,3.2,15486.81,15830.32,0.0,1,1,0.12,0.0,15486.81,15830.32,0.0,1,1,0.46,0.0,15486.81,15830.32,0.0,1,1,0.19,0.0,15486.81,15830.32,0.0,1,1,0.64,0.0,15486.81,15830.32,0.0
2025-06-29 05:53:12,1,1,1.5,0.0,15486.81,15830.32,0.0,1,1,0.65,0.0,15486.81,15830.32,0.0,1,1,0.79,0.01,15486.81,15830.32,0.0,1,1,1.3,2.13,15486.81,15830.32,0.0,1,1,0.07,0.02,15486.81,15830.32,0.0,1,1,0.08,0.46,15486.81,15830.32,0.0,1,1,0.15,0.0,15486.81,15830.32,0.0,1,1,0.12,0.0,15486.81,15830.32,0.0,1,1,0.46,0.0,15486.81,15830.32,0.0,1,1,0.19,0.0,15486.81,15830.32,0.0,1,1,0.62,0.0,15486.81,15830.32,0.0
2025-06-29 05:53:17,1,1,1.5,0.0,15486.81,15830.32,0.0,1,1,0.65,0.0,15486.81,15830.32,0.0,1,1,0.79,0.01,15486.81,15830.32,0.0,1,1,1.3,2.13,15486.81,15830.32,0.0,1,1,0.07,0.02,15486.81,15830.32,0.0,1,1,0.08,0.46,15486.81,15830.32,0.0,1,1,0.15,0.0,15486.81,15830.32,0.0,1,1,0.12,0.0,15486.81,15830.32,0.0,1,1,0.46,0.0,0.0,0.0,0.0,1,1,0.19,0.0,14868.48,18211.27,0.0,1,1,0.62,0.0,14868.48,18211.27,0.0
2025-06-29 05:53:23,1,1,1.48,1.87,14868.48,18211.27,0.0,1,1,0.65,0.0,14868.48,18211.27,0.0,1,1,0.65,0.02,14868.48,18211.27,0.0,1,1,0.98,0.03,14868.48,18211.27,0.0,1,1,0.08,3.1,14868.48,18211.27,0.0,1,1,0.1,0.0,14868.48,18211.27,0.0,1,1,0.14,0.0,14868.48,18211.27,0.0,1,1,0.1,0.0,14868.48,18211.27,0.0,1,1,0.62,2.17,14868.48,18211.27,0.0,1,1,0.18,6.65,14868.48,18211.27,0.0,1,1,0.62,0.0,14868.48,18211.27,0.0
2025-06-29 05:53:28,1,1,1.48,1.87,14868.48,18211.27,0.0,1,1,0.65,0.0,14868.48,18211.27,0.0,1,1,0.65,0.02,14868.48,18211.27,0.0,1,1,0.98,0.03,14868.48,18211.27,0.0,1,1,0.08,3.1,14868.48,18211.27,0.0,1,1,0.1,0.0,14868.48,18211.27,0.0,1,1,0.14,0.0,14868.48,18211.27,0.0,1,1,0.1,0.0,14868.48,18211.27,0.0,1,1,0.62,2.17,14868.48,18211.27,0.0,1,1,0.18,6.65,14868.48,18211.27,0.0,1,1,0.62,0.0,14868.48,18211.27,0.0
2025-06-29 05:53:33,1,1,1.48,1.87,14868.48,18211.27,0.0,1,1,0.77,0.0,14868.48,18211.27,0.0,1,1,0.65,0.02,14868.48,18211.27,0.0,1,1,0.91,0.01,14868.48,18211.27,0.0,1,1,0.06,0.02,14868.48,18211.27,0.0,1,1,0.1,0.0,14868.48,18211.27,0.0,1,1,0.14,0.0,14868.48,18211.27,0.0,1,1,0.1,0.0,14868.48,18211.27,0.0,1,1,0.59,0.0,14868.48,18211.27,0.0,1,1,0.57,0.0,14868.48,18211.27,0.0,1,1,0.63,0.0,14868.48,18211.27,0.0
2025-06-29 05:53:38,1,1,1.48,1.87,14868.48,18211.27,0.0,1,1,0.77,0.0,14868.48,18211.27,0.0,1,1,0.65,0.02,14868.48,18211.27,0.0,1,1,0.91,0.01,14868.48,18211.27,0.0,1,1,0.06,0.02,14868.48,18211.27,0.0,1,1,0.1,0.0,14868.48,18211.27,0.0,1,1,0.14,0.0,14868.48,18211.27,0.0,1,1,0.1,0.0,14868.48,18211.27,0.0,1,1,0.59,0.0,14868.48,18211.27,0.0,1,1,0.57,0.0,14868.48,18211.27,0.0,1,1,0.63,0.0,14868.48,18211.27,0.0
2025-06-29 05:53:43,1,1,1.74,0.01,14868.48,18211.27,0.0,1,1,0.87,0.0,14868.48,18211.27,0.0,1,1,0.75,0.53,14868.48,18211.27,0.0,1,1,0.91,0.01,14868.48,18211.27,0.0,1,1,0.06,0.02,14868.48,18211.27,0.0,1,1,0.1,0.0,14868.48,18211.27,0.0,1,1,0.16,0.0,14868.48,18211.27,0.0,1,1,0.24,0.0,14868.48,18211.27,0.0,1,1,0.59,0.0,14868.48,18211.27,0.0,1,1,0.57,0.0,14868.48,18211.27,0.0,1,1,0.63,0.0,14868.48,18211.27,0.0
2025-06-29 05:53:49,1,1,1.74,0.01,14868.48,0.0,0.0,1,1,0.87,0.0,0.0,0.0,0.0,1,1,0.75,0.53,15139.14,15685.15,0.0,1,1,0.91,0.01,15139.14,15685.15,0.0,1,1,0.06,0.02,15139.14,15685.15,0.0,1,1,0.1,0.0,15139.14,15685.15,0.0,1,1,0.17,0.0,15139.14,15685.15,0.0,1,1,0.07,0.0,15139.14,15685.15,0.0,1,1,0.62,0.0,15139.14,15685.15,0.0,1,1,0.19,5.04,15139.14,15685.15,0.0,1,1,0.63,0.0,15139.14,15685.15,0.0
2025-06-29 05:53:55,1,1,1.74,0.01,15139.14,15685.15,0.0,1,1,0.6,4.12,15139.14,15685.15,0.0,1,1,0.76,0.0,15139.14,15685.15,0.0,1,1,1.15,1.75,15139.14,15685.15,0.0,1,1,0.07,0.02,15139.14,15685.15,0.0,1,1,0.09,0.0,15139.14,15685.15,0.0,1,1,0.17,0.0,15139.14,15685.15,0.0,1,1,0.07,0.0,15139.14,15685.15,0.0,1,1,0.62,0.0,15139.14,15685.15,0.0,1,1,0.19,5.04,15139.14,15685.15,0.0,1,1,0.63,0.0,15139.14,15685.15,0.0
2025-06-29 05:54:00,1,1,1.74,0.01,15139.14,15685.15,0.0,1,1,0.6,4.12,15139.14,15685.15,0.0,1,1,0.59,0.0,15139.14,15685.15,0.0,1,1,1.0,0.04,15139.14,15685.15,0.0,1,1,0.12,0.02,15139.14,15685.15,0.0,1,1,0.1,0.76,15139.14,15685.15,0.0,1,1,0.17,0.0,15139.14,15685.15,0.0,1,1,0.06,0.0,15139.14,15685.15,0.0,1,1,0.6,0.0,15139.14,15685.15,0.0,1,1,0.19,5.04,15139.14,15685.15,0.0,1,1,0.64,0.0,15139.14,15685.15,0.0
2025-06-29 05:54:06,1,1,1.65,0.02,15139.14,15685.15,0.0,1,1,0.6,4.12,15139.14,15685.15,0.0,1,1,0.59,0.0,15139.14,15685.15,0.0,1,1,1.0,0.04,15139.14,15685.15,0.0,1,1,0.12,0.02,15139.14,15685.15,0.0,1,1,0.1,0.76,15139.14,15685.15,0.0,1,1,0.17,0.0,15139.14,15685.15,0.0,1,1,0.06,0.0,15139.14,15685.15,0.0,1,1,0.6,0.0,15139.14,15685.15,0.0,1,1,0.19,5.04,15139.14,15685.15,0.0,1,1,0.64,0.0,15139.14,15685.15,0.0
2025-06-29 05:54:12,1,1,1.66,1.34,15139.14,15685.15,0.0,1,1,0.58,0.0,15139.14,15685.15,0.0,1,1,0.59,0.0,15139.14,15685.15,0.0,1,1,1.0,0.04,15139.14,15685.15,0.0,1,1,0.03,0.01,15139.14,15685.15,0.0,1,1,0.08,0.0,15139.14,15685.15,0.0,1,1,0.12,0.0,15139.14,15685.15,0.0,1,1,0.06,0.0,15139.14,15685.15,0.0,1,1,0.6,0.0,15139.14,15685.15,0.0,1,1,0.69,0.0,15139.14,15685.15,0.0,1,1,0.62,0.0,15139.14,15685.15,0.0
2025-06-29 05:54:17,1,1,1.66,1.34,15139.14,15685.15,0.0,1,1,0.58,0.0,15139.14,15685.15,0.0,1,1,0.59,0.0,15139.14,15685.15,0.0,1,1,1.0,0.04,15139.14,15685.15,0.0,1,1,0.03,0.01,15139.14,15685.15,0.0,1,1,0.08,0.0,15139.14,15685.15,0.0,1,1,0.12,0.0,15139.14,15685.15,0.0,1,1,0.06,0.0,15139.14,15685.15,0.0,1,1,0.6,0.0,0.0,0.0,0.0,1,1,0.69,0.0,14391.92,17995.83,0.0,1,1,0.62,0.0,14391.92,17995.83,0.0
2025-06-29 05:54:23,1,1,1.11,0.0,14391.92,17995.83,0.0,1,1,0.58,0.0,14391.92,17995.83,0.0,1,1,0.74,0.0,14391.92,17995.83,0.0,1,1,1.04,3.0,14391.92,17995.83,0.0,1,1,0.04,0.01,14391.92,17995.83,0.0,1,1,0.08,0.0,14391.92,17995.83,0.0,1,1,0.12,0.0,14391.92,17995.83,0.0,1,1,0.03,0.0,14391.92,17995.83,0.0,1,1,0.57,0.0,14391.92,17995.83,0.0,1,1,0.69,0.0,14391.92,17995.83,0.0,1,1,0.62,0.0,14391.92,17995.83,0.0
2025-06-29 05:54:28,1,1,1.11,0.0,14391.92,17995.83,0.0,1,1,0.58,0.0,14391.92,17995.83,0.0,1,1,0.74,0.0,14391.92,17995.83,0.0,1,1,1.04,3.0,14391.92,17995.83,0.0,1,1,0.04,0.01,14391.92,17995.83,0.0,1,1,0.08,0.0,14391.92,17995.83,0.0,1,1,0.12,0.0,14391.92,17995.83,0.0,1,1,0.03,0.0,14391.92,17995.83,0.0,1,1,0.49,2.75,14391.92,17995.83,0.0,1,1,0.97,0.0,14391.92,17995.83,0.0,1,1,0.62,0.0,14391.92,17995.83,0.0
2025-06-29 05:54:34,1,1,1.11,0.0,14391.92,17995.83,0.0,1,1,0.64,0.0,14391.92,17995.83,0.0,1,1,0.52,0.0,14391.92,17995.83,0.0,1,1,0.75,0.0,14391.92,17995.83,0.0,1,1,0.23,0.01,14391.92,17995.83,0.0,1,1,0.06,0.0,14391.92,17995.83,0.0,1,1,0.13,0.0,14391.92,17995.83,0.0,1,1,0.03,0.0,14391.92,17995.83,0.0,1,1,0.49,2.75,14391.92,17995.83,0.0,1,1,0.97,0.0,14391.92,17995.83,0.0,1,1,0.62,0.0,14391.92,17995.83,0.0
2025-06-29 05:54:39,1,1,1.11,0.0,14391.92,17995.83,0.0,1,1,0.64,0.0,14391.92,17995.83,0.0,1,1,0.52,0.0,14391.92,17995.83,0.0,1,1,0.75,0.0,14391.92,17995.83,0.0,1,1,0.23,0.01,14391.92,17995.83,0.0,1,1,0.06,0.0,14391.92,17995.83,0.0,1,1,0.12,0.0,14391.92,17995.83,0.0,1,1,0.04,0.0,14391.92,17995.83,0.0,1,1,0.53,0.0,14391.92,17995.83,0.0,1,1,0.39,0.0,14391.92,17995.83,0.0,1,1,0.62,0.0,14391.92,17995.83,0.0
2025-06-29 05:54:44,1,1,1.11,0.0,14391.92,17995.83,0.0,1,1,0.62,0.0,14391.92,17995.83,0.0,1,1,0.52,0.0,14391.92,17995.83,0.0,1,1,0.75,0.0,14391.92,17995.83,0.0,1,1,0.23,0.01,14391.92,17995.83,0.0,1,1,0.05,0.0,14391.92,17995.83,0.0,1,1,0.12,0.0,14391.92,17995.83,0.0,1,1,0.04,0.0,14391.92,17995.83,0.0,1,1,0.53,0.0,14391.92,17995.83,0.0,1,1,0.39,0.0,14391.92,17995.83,0.0,1,1,0.62,0.0,14391.92,17995.83,0.0
2025-06-29 05:54:50,1,1,1.11,0.0,14083.23,14670.53,0.0,1,1,0.62,0.0,14083.23,14670.53,0.0,1,1,0.61,0.6,14083.23,14670.53,0.0,1,1,0.75,2.39,14083.23,14670.53,0.0,1,1,0.05,3.39,14083.23,14670.53,0.0,1,1,0.09,0.0,14083.23,14670.53,0.0,1,1,0.14,0.0,14083.23,14670.53,0.0,1,1,0.1,0.0,14083.23,14670.53,0.0,1,1,0.53,0.0,14083.23,14670.53,0.0,1,1,0.19,0.0,14083.23,14670.53,0.0,1,1,0.64,0.0,14083.23,14670.53,0.0
2025-06-29 05:54:56,1,1,1.11,0.0,14083.23,14670.53,0.0,1,1,0.62,0.0,14083.23,14670.53,0.0,1,1,0.61,0.6,14083.23,14670.53,0.0,1,1,0.75,2.39,14083.23,14670.53,0.0,1,1,0.05,3.39,14083.23,14670.53,0.0,1,1,0.09,0.0,14083.23,14670.53,0.0,1,1,0.14,0.0,14083.23,14670.53,0.0,1,1,0.1,0.0,14083.23,14670.53,0.0,1,1,0.53,0.0,14083.23,14670.53,0.0,1,1,0.19,0.0,14083.23,14670.53,0.0,1,1,0.64,0.0,14083.23,14670.53,0.0
2025-06-29 05:55:01,1,1,1.56,1.35,14083.23,14670.53,0.0,1,1,0.74,0.0,14083.23,14670.53,0.0,1,1,0.61,0.6,14083.23,14670.53,0.0,1,1,0.84,0.04,14083.23,14670.53,0.0,1,1,0.07,0.01,14083.23,14670.53,0.0,1,1,0.09,0.0,14083.23,14670.53,0.0,1,1,0.14,0.0,14083.23,14670.53,0.0,1,1,0.08,0.0,14083.23,14670.53,0.0,1,1,0.63,0.0,14083.23,14670.53,0.0,1,1,0.19,0.0,14083.23,14670.53,0.0,1,1,0.64,0.0,14083.23,14670.53,0.0
2025-06-29 05:55:07,1,1,1.56,1.35,14083.23,14670.53,0.0,1,1,0.74,0.0,14083.23,14670.53,0.0,1,1,0.61,0.6,14083.23,14670.53,0.0,1,1,0.84,0.04,14083.23,14670.53,0.0,1,1,0.07,0.01,14083.23,14670.53,0.0,1,1,0.09,0.0,14083.23,14670.53,0.0,1,1,0.14,0.0,14083.23,14670.53,0.0,1,1,0.08,0.0,14083.23,14670.53,0.0,1,1,0.63,0.0,14083.23,14670.53,0.0,1,1,0.19,0.0,14083.23,14670.53,0.0,1,1,0.64,0.0,14083.23,14670.53,0.0
2025-06-29 05:55:12,1,1,1.47,0.0,14083.23,14670.53,0.0,1,1,0.74,0.0,14083.23,14670.53,0.0,1,1,0.79,0.46,14083.23,14670.53,0.0,1,1,1.36,0.03,14083.23,14670.53,0.0,1,1,0.07,0.01,14083.23,14670.53,0.0,1,1,0.09,0.0,14083.23,14670.53,0.0,1,1,0.14,0.0,14083.23,14670.53,0.0,1,1,0.15,0.0,14083.23,14670.53,0.0,1,1,0.63,0.0,14083.23,14670.53,0.0,1,1,0.19,0.0,14083.23,14670.53,0.0,1,1,0.68,0.0,14083.23,14670.53,0.0
2025-06-29 05:55:18,1,1,1.47,0.0,14083.23,14670.53,0.0,1,1,0.74,0.0,14083.23,14670.53,0.0,1,1,0.79,0.46,14083.23,14670.53,0.0,1,1,1.36,0.03,14083.23,14670.53,0.0,1,1,0.07,0.01,14083.23,14670.53,0.0,1,1,0.09,0.0,14465.09,18077.8,0.0,1,1,0.14,0.0,14465.09,18077.8,0.0,1,1,0.15,0.0,14465.09,18077.8,0.0,1,1,0.63,0.0,14465.09,18077.8,0.0,1,1,0.19,0.0,14465.09,18077.8,0.0,1,1,0.68,0.0,14465.09,18077.8,0.0
2025-06-29 05:55:25,1,1,1.47,0.0,14465.09,18077.8,0.0,1,1,0.86,0.0,14465.09,18077.8,0.0,1,1,0.63,0.0,14465.09,18077.8,0.0,1,1,1.36,0.03,14465.09,18077.8,0.0,1,1,0.12,0.02,14465.09,18077.8,0.0,1,1,0.09,0.0,14465.09,18077.8,0.0,1,1,0.14,0.0,14465.09,18077.8,0.0,1,1,0.15,0.0,14465.09,18077.8,0.0,1,1,0.51,0.0,14465.09,18077.8,0.0,1,1,0.19,0.0,14465.09,18077.8,0.0,1,1,0.68,0.0,14465.09,18077.8,0.0
2025-06-29 05:55:30,1,1,1.4,1.33,14465.09,18077.8,0.0,1,1,0.81,2.87,14465.09,18077.8,0.0,1,1,0.63,0.0,14465.09,18077.8,0.0,1,1,0.69,1.99,14465.09,18077.8,0.0,1,1,0.03,4.08,14465.09,18077.8,0.0,1,1,0.09,0.59,14465.09,18077.8,0.0,1,1,0.13,3.9,14465.09,18077.8,0.0,1,1,0.03,0.0,14465.09,18077.8,0.0,1,1,0.57,0.0,14465.09,18077.8,0.0,1,1,0.19,0.0,14465.09,18077.8,0.0,1,1,0.62,0.0,14465.09,18077.8,0.0
2025-06-29 05:55:36,1,1,1.4,1.33,14465.09,18077.8,0.0,1,1,0.81,2.87,14465.09,18077.8,0.0,1,1,0.63,0.0,14465.09,18077.8,0.0,1,1,0.69,1.99,14465.09,18077.8,0.0,1,1,0.03,4.08,14465.09,18077.8,0.0,1,1,0.09,0.59,14465.09,18077.8,0.0,1,1,0.13,3.9,14465.09,18077.8,0.0,1,1,0.03,0.0,14465.09,18077.8,0.0,1,1,0.57,0.0,14465.09,18077.8,0.0,1,1,0.19,0.0,14465.09,18077.8,0.0,1,1,0.62,0.0,14465.09,18077.8,0.0
2025-06-29 05:55:41,1,1,1.78,1.44,14465.09,18077.8,0.0,1,1,0.81,2.87,14465.09,18077.8,0.0,1,1,0.76,0.0,14465.09,18077.8,0.0,1,1,0.69,1.99,14465.09,18077.8,0.0,1,1,0.03,4.08,14465.09,18077.8,0.0,1,1,0.13,0.0,14465.09,18077.8,0.0,1,1,0.19,0.0,14465.09,18077.8,0.0,1,1,0.16,0.0,14465.09,18077.8,0.0,1,1,0.57,0.0,14465.09,18077.8,0.0,1,1,0.19,0.0,14465.09,18077.8,0.0,1,1,0.63,0.24,14465.09,18077.8,0.0
2025-06-29 05:55:47,1,1,1.78,1.44,14465.09,18077.8,0.0,1,1,0.81,2.87,14465.09,18077.8,0.0,1,1,0.76,0.0,14465.09,18077.8,0.0,1,1,0.69,1.99,14465.09,18077.8,0.0,1,1,0.03,4.08,14465.09,18077.8,0.0,1,1,0.13,0.0,14465.09,18077.8,0.0,1,1,0.19,0.0,14465.09,18077.8,0.0,1,1,0.16,0.0,14465.09,18077.8,0.0,1,1,0.57,0.0,14465.09,18077.8,0.0,1,1,0.19,0.0,14465.09,18077.8,0.0,1,1,0.63,0.24,0.0,15612.63,0.0
2025-06-29 05:55:52,1,1,1.78,1.44,15114.66,15612.63,0.0,1,1,0.77,0.0,15114.66,15612.63,0.0,1,1,0.76,0.0,15114.66,15612.63,0.0,1,1,1.35,0.01,15114.66,15612.63,0.0,1,1,0.16,0.02,15114.66,15612.63,0.0,1,1,0.13,0.0,15114.66,15612.63,0.0,1,1,0.19,0.0,15114.66,15612.63,0.0,1,1,0.17,0.0,15114.66,15612.63,0.0,1,1,0.6,0.0,15114.66,15612.63,0.0,1,1,0.18,0.0,15114.66,15612.63,0.0,1,1,0.63,0.24,15114.66,15612.63,0.0
